-- phpMyAdmin SQL Dump
-- version 4.0.4
-- http://www.phpmyadmin.net
--
-- Host: localhost
-- Generation Time: Feb 02, 2019 at 01:00 PM
-- Server version: 5.6.12-log
-- PHP Version: 5.4.16

SET SQL_MODE = "NO_AUTO_VALUE_ON_ZERO";
SET time_zone = "+00:00";


/*!40101 SET @OLD_CHARACTER_SET_CLIENT=@@CHARACTER_SET_CLIENT */;
/*!40101 SET @OLD_CHARACTER_SET_RESULTS=@@CHARACTER_SET_RESULTS */;
/*!40101 SET @OLD_COLLATION_CONNECTION=@@COLLATION_CONNECTION */;
/*!40101 SET NAMES utf8 */;

--
-- Database: `water`
--
CREATE DATABASE IF NOT EXISTS `water` DEFAULT CHARACTER SET latin1 COLLATE latin1_swedish_ci;
USE `water`;

-- --------------------------------------------------------

--
-- Table structure for table `auth_group`
--

CREATE TABLE IF NOT EXISTS `auth_group` (
  `id` int(11) NOT NULL AUTO_INCREMENT,
  `name` varchar(80) NOT NULL,
  PRIMARY KEY (`id`),
  UNIQUE KEY `name` (`name`)
) ENGINE=InnoDB DEFAULT CHARSET=latin1 AUTO_INCREMENT=1 ;

-- --------------------------------------------------------

--
-- Table structure for table `auth_group_permissions`
--

CREATE TABLE IF NOT EXISTS `auth_group_permissions` (
  `id` int(11) NOT NULL AUTO_INCREMENT,
  `group_id` int(11) NOT NULL,
  `permission_id` int(11) NOT NULL,
  PRIMARY KEY (`id`),
  UNIQUE KEY `auth_group_permissions_group_id_permission_id_0cd325b0_uniq` (`group_id`,`permission_id`),
  KEY `auth_group_permissio_permission_id_84c5c92e_fk_auth_perm` (`permission_id`)
) ENGINE=InnoDB DEFAULT CHARSET=latin1 AUTO_INCREMENT=1 ;

-- --------------------------------------------------------

--
-- Table structure for table `auth_permission`
--

CREATE TABLE IF NOT EXISTS `auth_permission` (
  `id` int(11) NOT NULL AUTO_INCREMENT,
  `name` varchar(255) NOT NULL,
  `content_type_id` int(11) NOT NULL,
  `codename` varchar(100) NOT NULL,
  PRIMARY KEY (`id`),
  UNIQUE KEY `auth_permission_content_type_id_codename_01ab375a_uniq` (`content_type_id`,`codename`)
) ENGINE=InnoDB  DEFAULT CHARSET=latin1 AUTO_INCREMENT=28 ;

--
-- Dumping data for table `auth_permission`
--

INSERT INTO `auth_permission` (`id`, `name`, `content_type_id`, `codename`) VALUES
(1, 'Can add log entry', 1, 'add_logentry'),
(2, 'Can change log entry', 1, 'change_logentry'),
(3, 'Can delete log entry', 1, 'delete_logentry'),
(4, 'Can add permission', 2, 'add_permission'),
(5, 'Can change permission', 2, 'change_permission'),
(6, 'Can delete permission', 2, 'delete_permission'),
(7, 'Can add group', 3, 'add_group'),
(8, 'Can change group', 3, 'change_group'),
(9, 'Can delete group', 3, 'delete_group'),
(10, 'Can add user', 4, 'add_user'),
(11, 'Can change user', 4, 'change_user'),
(12, 'Can delete user', 4, 'delete_user'),
(13, 'Can add content type', 5, 'add_contenttype'),
(14, 'Can change content type', 5, 'change_contenttype'),
(15, 'Can delete content type', 5, 'delete_contenttype'),
(16, 'Can add session', 6, 'add_session'),
(17, 'Can change session', 6, 'change_session'),
(18, 'Can delete session', 6, 'delete_session'),
(19, 'Can add userregisters_ model', 7, 'add_userregisters_model'),
(20, 'Can change userregisters_ model', 7, 'change_userregisters_model'),
(21, 'Can delete userregisters_ model', 7, 'delete_userregisters_model'),
(22, 'Can add userwateranalysis_ model', 8, 'add_userwateranalysis_model'),
(23, 'Can change userwateranalysis_ model', 8, 'change_userwateranalysis_model'),
(24, 'Can delete userwateranalysis_ model', 8, 'delete_userwateranalysis_model'),
(25, 'Can add userfeedback_ model', 9, 'add_userfeedback_model'),
(26, 'Can change userfeedback_ model', 9, 'change_userfeedback_model'),
(27, 'Can delete userfeedback_ model', 9, 'delete_userfeedback_model');

-- --------------------------------------------------------

--
-- Table structure for table `auth_user`
--

CREATE TABLE IF NOT EXISTS `auth_user` (
  `id` int(11) NOT NULL AUTO_INCREMENT,
  `password` varchar(128) NOT NULL,
  `last_login` datetime(6) DEFAULT NULL,
  `is_superuser` tinyint(1) NOT NULL,
  `username` varchar(150) NOT NULL,
  `first_name` varchar(30) NOT NULL,
  `last_name` varchar(150) NOT NULL,
  `email` varchar(254) NOT NULL,
  `is_staff` tinyint(1) NOT NULL,
  `is_active` tinyint(1) NOT NULL,
  `date_joined` datetime(6) NOT NULL,
  PRIMARY KEY (`id`),
  UNIQUE KEY `username` (`username`)
) ENGINE=InnoDB DEFAULT CHARSET=latin1 AUTO_INCREMENT=1 ;

-- --------------------------------------------------------

--
-- Table structure for table `auth_user_groups`
--

CREATE TABLE IF NOT EXISTS `auth_user_groups` (
  `id` int(11) NOT NULL AUTO_INCREMENT,
  `user_id` int(11) NOT NULL,
  `group_id` int(11) NOT NULL,
  PRIMARY KEY (`id`),
  UNIQUE KEY `auth_user_groups_user_id_group_id_94350c0c_uniq` (`user_id`,`group_id`),
  KEY `auth_user_groups_group_id_97559544_fk_auth_group_id` (`group_id`)
) ENGINE=InnoDB DEFAULT CHARSET=latin1 AUTO_INCREMENT=1 ;

-- --------------------------------------------------------

--
-- Table structure for table `auth_user_user_permissions`
--

CREATE TABLE IF NOT EXISTS `auth_user_user_permissions` (
  `id` int(11) NOT NULL AUTO_INCREMENT,
  `user_id` int(11) NOT NULL,
  `permission_id` int(11) NOT NULL,
  PRIMARY KEY (`id`),
  UNIQUE KEY `auth_user_user_permissions_user_id_permission_id_14a6b632_uniq` (`user_id`,`permission_id`),
  KEY `auth_user_user_permi_permission_id_1fbb5f2c_fk_auth_perm` (`permission_id`)
) ENGINE=InnoDB DEFAULT CHARSET=latin1 AUTO_INCREMENT=1 ;

-- --------------------------------------------------------

--
-- Table structure for table `django_admin_log`
--

CREATE TABLE IF NOT EXISTS `django_admin_log` (
  `id` int(11) NOT NULL AUTO_INCREMENT,
  `action_time` datetime(6) NOT NULL,
  `object_id` longtext,
  `object_repr` varchar(200) NOT NULL,
  `action_flag` smallint(5) unsigned NOT NULL,
  `change_message` longtext NOT NULL,
  `content_type_id` int(11) DEFAULT NULL,
  `user_id` int(11) NOT NULL,
  PRIMARY KEY (`id`),
  KEY `django_admin_log_content_type_id_c4bce8eb_fk_django_co` (`content_type_id`),
  KEY `django_admin_log_user_id_c564eba6_fk_auth_user_id` (`user_id`)
) ENGINE=InnoDB DEFAULT CHARSET=latin1 AUTO_INCREMENT=1 ;

-- --------------------------------------------------------

--
-- Table structure for table `django_content_type`
--

CREATE TABLE IF NOT EXISTS `django_content_type` (
  `id` int(11) NOT NULL AUTO_INCREMENT,
  `app_label` varchar(100) NOT NULL,
  `model` varchar(100) NOT NULL,
  PRIMARY KEY (`id`),
  UNIQUE KEY `django_content_type_app_label_model_76bd3d3b_uniq` (`app_label`,`model`)
) ENGINE=InnoDB  DEFAULT CHARSET=latin1 AUTO_INCREMENT=10 ;

--
-- Dumping data for table `django_content_type`
--

INSERT INTO `django_content_type` (`id`, `app_label`, `model`) VALUES
(1, 'admin', 'logentry'),
(3, 'auth', 'group'),
(2, 'auth', 'permission'),
(4, 'auth', 'user'),
(5, 'contenttypes', 'contenttype'),
(6, 'sessions', 'session'),
(9, 'Users_Controller', 'userfeedback_model'),
(7, 'Users_Controller', 'userregisters_model'),
(8, 'Users_Controller', 'userwateranalysis_model');

-- --------------------------------------------------------

--
-- Table structure for table `django_migrations`
--

CREATE TABLE IF NOT EXISTS `django_migrations` (
  `id` int(11) NOT NULL AUTO_INCREMENT,
  `app` varchar(255) NOT NULL,
  `name` varchar(255) NOT NULL,
  `applied` datetime(6) NOT NULL,
  PRIMARY KEY (`id`)
) ENGINE=InnoDB  DEFAULT CHARSET=latin1 AUTO_INCREMENT=24 ;

--
-- Dumping data for table `django_migrations`
--

INSERT INTO `django_migrations` (`id`, `app`, `name`, `applied`) VALUES
(1, 'Users_Controller', '0001_initial', '2019-01-31 07:09:55.255367'),
(2, 'contenttypes', '0001_initial', '2019-01-31 07:09:56.458492'),
(3, 'auth', '0001_initial', '2019-01-31 07:10:06.817867'),
(4, 'admin', '0001_initial', '2019-01-31 07:10:08.505367'),
(5, 'admin', '0002_logentry_remove_auto_add', '2019-01-31 07:10:08.567867'),
(6, 'contenttypes', '0002_remove_content_type_name', '2019-01-31 07:10:10.208492'),
(7, 'auth', '0002_alter_permission_name_max_length', '2019-01-31 07:10:11.114742'),
(8, 'auth', '0003_alter_user_email_max_length', '2019-01-31 07:10:11.708492'),
(9, 'auth', '0004_alter_user_username_opts', '2019-01-31 07:10:11.770992'),
(10, 'auth', '0005_alter_user_last_login_null', '2019-01-31 07:10:12.239742'),
(11, 'auth', '0006_require_contenttypes_0002', '2019-01-31 07:10:12.270992'),
(12, 'auth', '0007_alter_validators_add_error_messages', '2019-01-31 07:10:12.317867'),
(13, 'auth', '0008_alter_user_username_max_length', '2019-01-31 07:10:12.833492'),
(14, 'auth', '0009_alter_user_last_name_max_length', '2019-01-31 07:10:13.599117'),
(15, 'sessions', '0001_initial', '2019-01-31 07:10:14.179195'),
(16, 'Users_Controller', '0002_auto_20190201_1044', '2019-02-01 05:14:50.818468'),
(17, 'Users_Controller', '0003_auto_20190201_1048', '2019-02-01 05:18:36.351671'),
(18, 'Users_Controller', '0004_auto_20190201_1551', '2019-02-01 10:34:37.296875'),
(19, 'Users_Controller', '0005_auto_20190201_1628', '2019-02-01 10:58:10.900390'),
(20, 'Users_Controller', '0006_userfeedback_model_rating', '2019-02-02 04:50:06.314578'),
(21, 'Users_Controller', '0007_auto_20190202_1109', '2019-02-02 05:41:15.008914'),
(22, 'Users_Controller', '0008_auto_20190202_1110', '2019-02-02 05:41:15.133914'),
(23, 'Users_Controller', '0009_auto_20190202_1206', '2019-02-02 06:36:39.755007');

-- --------------------------------------------------------

--
-- Table structure for table `django_session`
--

CREATE TABLE IF NOT EXISTS `django_session` (
  `session_key` varchar(40) NOT NULL,
  `session_data` longtext NOT NULL,
  `expire_date` datetime(6) NOT NULL,
  PRIMARY KEY (`session_key`),
  KEY `django_session_expire_date_a5c62663` (`expire_date`)
) ENGINE=InnoDB DEFAULT CHARSET=latin1;

--
-- Dumping data for table `django_session`
--

INSERT INTO `django_session` (`session_key`, `session_data`, `expire_date`) VALUES
('5pz2ptraco8mjvakip3k7hqw0nt8abys', 'NWY5ZGNlN2U4MDBjMmRiYmNkMzY4NTY3NWVlYzJhZjg2Y2NhN2JlOTp7Im5hbWUiOjJ9', '2019-02-16 12:54:23.497070'),
('jyf88e6bowlhle0k4nr23e82wf0ylf60', 'NWY5ZGNlN2U4MDBjMmRiYmNkMzY4NTY3NWVlYzJhZjg2Y2NhN2JlOTp7Im5hbWUiOjJ9', '2019-02-15 09:12:16.504882');

-- --------------------------------------------------------

--
-- Table structure for table `users_controller_userfeedback_model`
--

CREATE TABLE IF NOT EXISTS `users_controller_userfeedback_model` (
  `id` int(11) NOT NULL AUTO_INCREMENT,
  `name` varchar(300) NOT NULL,
  `branches` varchar(50) NOT NULL,
  `mobilenumber` varchar(300) NOT NULL,
  `feedback` varchar(300) NOT NULL,
  `rating` varchar(10) NOT NULL,
  `topics` varchar(500) NOT NULL,
  `uregsid_id` int(11) NOT NULL,
  `sentiment` varchar(300) NOT NULL,
  PRIMARY KEY (`id`)
) ENGINE=InnoDB  DEFAULT CHARSET=latin1 AUTO_INCREMENT=109 ;

--
-- Dumping data for table `users_controller_userfeedback_model`
--

INSERT INTO `users_controller_userfeedback_model` (`id`, `name`, `branches`, `mobilenumber`, `feedback`, `rating`, `topics`, `uregsid_id`, `sentiment`) VALUES
(8, 'AKANSHYA DASH', 'Iyyapanthangal', '8754732040', '#Iyyapathangal_branch branch is good really good water supplies ', '5', 'Iyyapanthangal', 1, 'positive'),
(9, 'SRIRAM R', 'Porur', '8939479762', '#Porur_branch branch good but litlle time late delivered', '2', 'Porur', 2, 'positive'),
(10, 'GOURAV VERMA', 'Guindy', '9791574650', '#Guindy_branch branch  brach is worst ', '1', 'Guindy', 3, 'negative'),
(11, 'SANJAY KV', 'AshokNagar', '9003118430', '#AshokNagar_branch branch is nice branch on time delivered', '4', 'AshokNagar', 4, 'positive'),
(12, 'INIYAN SENTHIL KUMAR T', 'Triplicane', '8248145339', '#Triplicane_branch is some late , service is bad', '5', 'Triplicane', 5, 'negative'),
(13, 'S KRISHNA KUMAR', 'Iyyapanthangal', '8939751320', '#Iyyapathangal_branch branch is good really good water supplies ', '5', 'Iyyapanthangal', 6, 'positive'),
(14, 'ANHAD SARAN', 'Porur', '7904437540', '#Porur_branch good but litlle time late delivered', '3', 'Porur', 7, 'positive'),
(15, 'ASHUN MITESH KOTHARI', 'Guindy', '9791575446', '#Guindy_branch  brach is worst ', '2', 'Guindy', 8, 'negative'),
(16, 'SHUBHAM SEMWAL', 'AshokNagar', '7579191599', '#AshokNagar_branch is nice branch on time delivered', '3', 'AshokNagar', 9, 'positive'),
(17, 'AJAY KUMAR', 'Triplicane', '9791273227', '#Triplicane_branch is some late , service is bad', '3', 'Triplicane', 10, 'negative'),
(18, 'PRABHAV DOBHAL', 'Iyyapanthangal', '8881348766', '#Iyyapathangal_branch branch is good really good water supplies ', '5', 'Iyyapanthangal', 11, 'positive'),
(19, 'KATARI MEGHA VARUN SAI MOHAN', 'Porur', '9789866147', '#Porur_branch good but litlle time late delivered', '2', 'Porur', 12, 'positive'),
(20, 'CHAKKA.DHEERAJ KUMAR', 'Guindy', '9791574104', '#Guindy_branch  brach is worst ', '1', 'Guindy', 13, 'negative'),
(21, 'KARTIKEY CHAUHAN', 'AshokNagar', '9176052668', '#AshokNagar_branch is nice branch on time delivered', '3', 'AshokNagar', 14, 'positive'),
(22, 'P S PRATEEK MOHANTY', 'Triplicane', '9790451759', '#Triplicane_branch is some late , service is bad', '3', 'Triplicane', 15, 'positive'),
(23, 'SUBHAM PATJOSHI', 'Iyyapanthangal', '7008629260', '#Iyyapathangal_branch branch is good really good water supplies ', '4', 'Iyyapanthangal', 16, 'positive'),
(24, 'GUNDA SAI HARISH', 'Triplicane', '9790451844', '#Triplicane_branch is some late , service is bad', '2', 'Triplicane', 17, 'negative'),
(25, 'RAVI THEJA', 'Guindy', '9791575134', '#Guindy_branch  brach is worst ', '2', 'Guindy', 18, 'negative'),
(26, 'METTU BHARAT KUMAR', 'Iyyapanthangal', '9566039781', '#Iyyapathangal_branch branch is good really good water supplies ', '5', 'Iyyapanthangal', 19, 'positive'),
(27, 'ALANKRITA KAR', 'Porur', '9790451981', '#Porur_branch good but litlle time late delivered', '4', 'Porur', 20, 'negative'),
(28, 'MARELLA SRI SAI PRAKASH', 'AshokNagar', '8124521525', '#AshokNagar_branch is nice branch on time delivered', '2', 'AshokNagar', 21, 'positive'),
(29, 'AASHUTOSH CHANDRA', 'AshokNagar', '9978088786', '#AshokNagar_branch is nice branch on time delivered', '3', 'AshokNagar', 22, 'negative'),
(30, 'NEERAJ KUMAR', 'Triplicane', '9791572593', '#Triplicane_branch is some late , service is bad', '3', 'Triplicane', 23, 'positive'),
(31, 'SWAGATHA SWAMINATHAN', 'Iyyapanthangal', '7871059748', '#Iyyapathangal_branch branch is good really good water supplies ', '3', 'Iyyapanthangal', 24, 'negative'),
(32, 'SHREYA', 'Porur', '7708132017', '#Porur_branch good but litlle time late delivered', '5', 'Porur', 25, 'positive'),
(33, 'SUYASH SHUKLA', 'Guindy', '7200190875', '#Guindy_branch  brach is worst ', '2', 'Guindy', 26, 'negative'),
(34, 'DEEPANSHU GARG', 'AshokNagar', '9790452048', '#AshokNagar_branch is nice branch on time delivered', '1', 'AshokNagar', 27, 'positive'),
(35, 'M S AJITH KUMAR', 'Triplicane', '8675955659', '#Triplicane_branch is some late , service is bad', '4', 'Triplicane', 28, 'positive'),
(36, 'ANSHUM SETHI', 'Iyyapanthangal', '9840356397', '#Iyyapathangal_branch branch is good really good water supplies ', '5', 'Iyyapanthangal', 29, 'positive'),
(37, 'SHIVANI PRIYA', 'Porur', '9790452583', '#Porur_branch good but litlle time late delivered', '5', 'Porur', 30, 'negative'),
(38, 'ALEKYA KUNADHARAJU', 'Guindy', '9490938148', '#Guindy_branch  brach is worst ', '3', 'Guindy', 31, 'positive'),
(39, 'MEET TRIVEDI', 'AshokNagar', '9790452287', '#AshokNagar_branch is nice branch on time delivered', '2', 'AshokNagar', 32, 'positive'),
(40, 'NAINA SHAMDASINI', 'Triplicane', '9790452218', '#Triplicane_branch is some late , service is bad', '3', 'Triplicane', 33, 'positive'),
(41, 'MANIDEEP REDDY MINALLA', 'Iyyapanthangal', '7845785956', '#Iyyapathangal_branch branch is good really good water supplies ', '3', 'Iyyapanthangal', 34, 'positive'),
(42, 'PEDDI MAHESH KUMAR', 'Porur', '9791272182', '#Porur_branch good but litlle time late delivered', '5', 'Porur', 35, 'positive'),
(43, 'V.S.P.P.K PRITHVI', 'Guindy', '9790451554', '#Guindy_branch  brach is worst ', '2', 'Guindy', 36, 'positive'),
(44, 'KATARI PAVAN TEJA', 'AshokNagar', '9952045939', '#AshokNagar_branch is nice branch on time delivered', '1', 'AshokNagar', 37, 'positive'),
(45, 'MANIKSHARAN J', 'Triplicane', '9600749297', '#Triplicane_branch is some late , service is bad', '3', 'Triplicane', 38, 'positive'),
(46, 'BATTENA KALIDASU', 'Iyyapanthangal', '9840143357', '#Iyyapathangal_branch branch is good really good water supplies ', '3', 'Iyyapanthangal', 39, 'positive'),
(47, 'SRINATH VUPPULA', 'Porur', '7013888158', '#Porur_branch good but litlle time late delivered', '4', 'Porur', 40, 'positive'),
(48, 'ADITHYA MANI', 'Guindy', '8939798932', '#Guindy_branch  brach is worst ', '2', 'Guindy', 41, 'negative'),
(49, 'DARSHAN LATHIA', 'AshokNagar', '8017028017', '#AshokNagar_branch is nice branch on time delivered', '2', 'AshokNagar', 42, 'negative'),
(50, 'SURIYA', 'Triplicane', '9597788456', '#Triplicane_branch is some late , service is bad', '5', 'Triplicane', 43, 'negative'),
(51, 'MRINAL RAI', 'Iyyapanthangal', '9791273593', '#Iyyapathangal_branch branch is good really good water supplies ', '4', 'Iyyapanthangal', 44, 'negative'),
(52, 'AYUSH KANTH', 'Porur', '9790451896', '#Porur_branch good but litlle time late delivered', '2', 'Porur', 45, 'positive'),
(53, 'PRAKHAR RAJ AGRAWAL', 'Guindy', '9677996343', '#Guindy_branch  brach is worst ', '3', 'Guindy', 46, 'negative'),
(54, 'CHITIKELA NAGA RAMAKRISHNA', 'AshokNagar', '9790452527', '#AshokNagar_branch is nice branch on time delivered', '3', 'AshokNagar', 47, 'positive'),
(55, 'PIRITHIVIRAJ', 'Triplicane', '9488970581', '#Triplicane_branch is some late , service is bad', '3', 'Triplicane', 48, 'negative'),
(56, 'V B VISHNUBHAGAVATH ', 'Iyyapanthangal', '9787510890', '#Iyyapathangal_branch branch is good really good water supplies ', '5', 'Iyyapanthangal', 49, 'positive'),
(57, 'AMRITA MAULIK', 'Porur', '7092058765', '#Porur_branch good but litlle time late delivered', '2', 'Porur', 50, 'positive'),
(58, 'KALYAN BANDE', 'Guindy', '9790452668', '#Guindy_branch  brach is worst ', '1', 'Guindy', 51, 'negative'),
(59, 'P.BHARGAVAKRISHNA', 'AshokNagar', '8939206327', '#AshokNagar_branch is nice branch on time delivered', '4', 'AshokNagar', 52, 'negative'),
(60, 'ANAMIKA MAJUMDAR', 'Triplicane', '9790963787', '#Triplicane_branch is some late , service is bad', '5', 'Triplicane', 53, 'negative'),
(61, 'VENKATARAMA ADITYA NIMMAGADDA', 'Iyyapanthangal', '9176056904', '#Iyyapathangal_branch branch is good really good water supplies ', '5', 'Iyyapanthangal', 54, 'positive'),
(62, 'NASINA SAI HARISH', 'Porur', '9789596924', '#Porur_branch good but litlle time late delivered', '3', 'Porur', 55, 'positive'),
(63, 'TANU SINGH', 'Guindy', '9790451936', '#Guindy_branch  brach is worst ', '2', 'Guindy', 56, 'negative'),
(64, 'RIYA OJHA', 'AshokNagar', '7004178173', '#AshokNagar_branch is nice branch on time delivered', '3', 'AshokNagar', 57, 'positive'),
(65, 'ATUL MISHRA', 'Triplicane', '8939445650', '#Triplicane_branch is some late , service is bad', '3', 'Triplicane', 58, 'negative'),
(66, 'PANKAJ KUMAR', 'Iyyapanthangal', '8148282375', '#Iyyapathangal_branch branch is good really good water supplies ', '5', 'Iyyapanthangal', 59, 'positive'),
(67, 'SREYASHI CHOWDHURY', 'Porur', '9790453258', '#Porur_branch good but litlle time late delivered', '2', 'Porur', 60, 'positive'),
(68, 'VISHNU VARDHAN', 'Guindy', '9885462413', '#Guindy_branch  brach is worst ', '1', 'Guindy', 61, 'negative'),
(69, 'HIMANSHU BADLANI', 'AshokNagar', '7007963300', '#AshokNagar_branch is nice branch on time delivered', '3', 'AshokNagar', 62, 'positive'),
(70, 'LALITHA.P', 'Triplicane', '9600148407', '#Triplicane_branch is some late , service is bad', '3', 'Triplicane', 63, 'positive'),
(71, 'DEVIKA M', 'Iyyapanthangal', '+91 8056428042', '#Iyyapathangal_branch is good really good water supplies ', '4', 'Iyyapanthangal', 64, 'positive'),
(72, 'SAHANA C.B.', 'Porur', '8344394088', '#Porur_branch good but litlle time late delivered', '2', 'Porur', 65, 'negative'),
(73, 'VANDITA GAINEDI', 'Guindy', '9176110648', '#Guindy_branch  brach is worst ', '2', 'Guindy', 66, 'positive'),
(74, 'BHAGAWAN KISHORE KUMAR', 'AshokNagar', '9003075138', '#AshokNagar_branch is nice branch on time delivered', '5', 'AshokNagar', 67, 'negative'),
(75, 'PRASHANT GODARA', 'Triplicane', '9789597707', '#Triplicane_branch is some late , service is bad', '4', 'Triplicane', 68, 'negative'),
(76, 'DEEPANSHU KUMAR', 'Iyyapanthangal', '8939158955', '#Iyyapathangal_branch branch is good really good water supplies ', '2', 'Iyyapanthangal', 69, 'positive'),
(77, 'POOJA RANI T.S', 'Porur', '9790451676', '#Porur_branch good but litlle time late delivered', '3', 'Porur', 70, 'positive'),
(78, 'ROSHAN JOHN', 'Guindy', '9176060820', '#Guindy_branch  brach is worst ', '3', 'Guindy', 71, 'positive'),
(79, 'GAUTAM VIGNESH', 'AshokNagar', '9962077488', '#AshokNagar_branch is nice branch on time delivered', '3', 'AshokNagar', 72, 'negative'),
(80, 'VIKRAM JAIN', 'Triplicane', '9566134964', '#Triplicane_branch is some late , service is bad', '5', 'Triplicane', 73, 'positive'),
(81, 'S PREETHI', 'Iyyapanthangal', '9003983922', '#Iyyapathangal_branch branch is good really good water supplies ', '2', 'Iyyapanthangal', 74, 'positive'),
(82, 'SAURABH RAO', 'Porur', '9445928249', '#Porur_branch good but litlle time late delivered', '1', 'Porur', 75, 'positive'),
(83, 'RANJITHKUMAR.K', 'Guindy', '8220275245', '#Guindy_branch  brach is worst ', '4', 'Guindy', 76, 'negative'),
(84, 'SNEHA BALAJI', 'AshokNagar', '9884990485', '#AshokNagar_branch is nice branch on time delivered', '5', 'AshokNagar', 77, 'positive'),
(85, 'SAKSHI MALHOTRA', 'Triplicane', '7299594890', '#Triplicane_branch branch is some late , service is bad', '5', 'Triplicane', 78, 'positive'),
(86, 'SANTHOSH BARADWAJ V.R', 'Iyyapanthangal', '9566041065', '#Iyyapathangal_branch branch branch is good really good water supplies ', '3', 'Iyyapanthangal', 79, 'positive'),
(87, 'RISHI PRATAP SINGH SISODIYA', 'Porur', '9790453405', '#Porur_branch good but litlle time late delivered', '2', 'Porur', 80, 'positive'),
(88, 'ABHISHEK SINHA', 'Guindy', '9952039232', '#Guindy_branch  brach is worst ', '3', 'Guindy', 81, 'negative'),
(89, 'SUSHOVAN BHATTACHARYA', 'AshokNagar', '9789597624', '#AshokNagar_branch is nice branch on time delivered', '3', 'AshokNagar', 82, 'negative'),
(90, 'T VISHAL', 'Triplicane', '9841363382', '#Triplicane_branch is some late , service is bad', '5', 'Triplicane', 83, 'negative'),
(91, 'ADELA ADHYA BHUPESH', 'Iyyapanthangal', '9176493726', '#Iyyapathangal_branch branch is good really good water supplies ', '2', 'Iyyapanthangal', 84, 'positive'),
(92, 'SHRUTI SHREYA', 'Porur', '7708118761', '#Porur_branch good but litlle time late delivered', '1', 'Porur', 85, 'negative'),
(93, 'VARUN NAIR', 'Guindy', '8939099619', '#Guindy_branch  brach is worst ', '3', 'Guindy', 86, 'positive'),
(94, 'ATHIL MOOSA', 'AshokNagar', '9514467135', '#AshokNagar_branch is nice branch on time delivered', '3', 'AshokNagar', 87, 'negative'),
(95, 'LAKSHMI.H.THAMPI', 'Triplicane', '9790452056', '#Triplicane_branch is some late , service is bad', '4', 'Triplicane', 88, 'positive'),
(96, 'SHOAIB AHMAD', 'Iyyapanthangal', '9043146518', '#Iyyapathangal_branch branch is good really good water supplies ', '2', 'Iyyapanthangal', 89, 'positive'),
(97, 'VEDIKA KUMARI', 'Porur', '9472323677', '#Porur_branch good but litlle time late delivered', '2', 'Porur', 90, 'positive'),
(98, 'ANSHUMAAN CHANDRAKAR', 'Guindy', '7418289156', '#Guindy_branch  brach is worst ', '5', 'Guindy', 91, 'positive'),
(99, 'VATSALYA BRAHMABHATT', 'AshokNagar', '8124348695', '#AshokNagar_branch is nice branch on time delivered', '4', 'AshokNagar', 92, 'positive'),
(100, 'RISHI KABRA', 'Triplicane', '9790451400', '#Triplicane_branch is some late , service is bad', '2', 'Triplicane', 93, 'positive'),
(101, 'SOUNDARIYA. V', 'Iyyapanthangal', '9789928460', '#Iyyapathangal_branch  branch is good really good water supplies ', '3', 'Iyyapanthangal', 94, 'positive'),
(102, 'S.SIRAJUDEEN', 'Porur', '8754503560', '#Porur_branch  good but litlle time late delivered', '3', 'Porur', 95, 'positive'),
(103, 'ANSHUMAN MISHRA', 'Guindy', '9789597621', '#Guindy_branch brach is worst ', '3', 'Guindy', 96, 'negative'),
(104, 'RAMASUBRAMANIAN.SA', 'AshokNagar', '8344875685', '#AshokNagar_branch is nice branch on time delivered', '5', 'AshokNagar', 97, 'positive'),
(105, 'SHUBHAM SAGAR SONI', 'Triplicane', '7871977982', '#Triplicane_branch is some late , service is bad', '2', 'Triplicane', 98, 'negative'),
(106, 'SHAALINI', 'Iyyapanthangal', '9500991595', '#Iyyapathangal_branch is good really good water supplies ', '3', 'Iyyapanthangal', 99, 'positive'),
(107, 'ANNWESHA PANDA', 'Porur', '9790453579', '#Porur_branch branch good but litlle time late delivered', '4', 'Porur', 100, 'positive'),
(108, 'sriram', 'Iyyapanthangal', '87746738488', '#Iyyapathangal_branch is super, on deliverd and taste also nice, love it', '4', 'Iyyapathangal_branch', 2, 'positive');

-- --------------------------------------------------------

--
-- Table structure for table `users_controller_userregisters_model`
--

CREATE TABLE IF NOT EXISTS `users_controller_userregisters_model` (
  `id` int(11) NOT NULL AUTO_INCREMENT,
  `userid` varchar(10) NOT NULL,
  `name` varchar(20) NOT NULL,
  `password` varchar(10) NOT NULL,
  `email` varchar(50) NOT NULL,
  `phoneno` varchar(10) NOT NULL,
  `address` varchar(100) NOT NULL,
  PRIMARY KEY (`id`)
) ENGINE=InnoDB  DEFAULT CHARSET=latin1 AUTO_INCREMENT=104 ;

--
-- Dumping data for table `users_controller_userregisters_model`
--

INSERT INTO `users_controller_userregisters_model` (`id`, `userid`, `name`, `password`, `email`, `phoneno`, `address`) VALUES
(1, '101', 'AKANSHYA DASH', '1111', 'akanshya.9z12@gmail.com', '8754732040', '86, Model Town, Panaji - 59108'),
(2, '102', 'SRIRAM', '1112', 'srir3440@gmail.com', '8939479762', '69, Teena Nagar, Trichy - 103602'),
(3, '103', 'GOURAV VERMA', '1113', 'gourav.verma2102@yahoo.com', '9791574650', '50, Vivek Chowk, Darj- 229855'),
(4, '104', 'SANJAY KV', '1114', 'sanjay.kanakkot@gmail.com', '9003118430', '1129, Goregaon, Rajkot - 47'),
(5, '105', 'INIYAN SENTHIL KUMAR', '1115', 'iniyansenthilkumar_t@srmuniv.edu.in', '8248145339', '099, Ramesh Villas Trichy - 98'),
(6, '106', 'S KRISHNA KUMAR', '1116', 'skrishnakumar_rajnarayan@srmuniv.edu.in', '8939751320', '67, Darjeeling  Rajkot - 10'),
(7, '107', 'ANHAD SARAN', '1117', 'anhadsaran_rajiv@srmuniv.edu.in', '7904437540', '78, Goregaon, Jodhpur  - 48'),
(8, '108', 'ASHUN MITESH KOTHARI', '1118', 'ashun.kothari10@gmail.com', '9791575446', '1009, Goregaon, Rajkot - 49'),
(9, '109', 'SHUBHAM SEMWAL', '1119', 'shubhamsemwal19@gmail.com', '7579191599', '1671, Trichy,  - 98'),
(10, '110', 'AJAY KUMAR', '1120', 'ajaykumar_arjun@srmuniv.edu.in', '9791273227', '45, Bandra, Nagpur - 503460\n'),
(11, '111', 'PRABHAV DOBHAL', '1121', 'prabhav_pawandobhal@srmuniv.edu.in', '8881348766', '17, Madhu Heights, RamPur Kanpur - 567332'),
(12, '112', 'KATARI MEGHA VARUN S', '1122', 'varunkatari@gmail.com', '9789866147', '33, Tushar Heights, Dadar Guwahati - 468850\n'),
(13, '113', 'CHAKKA.DHEERAJ KUMAR', '1123', 'cdheerajkumar123@gmail.com', '9791574104', '71, Divya Apartments, AkankshaPur Indore - 562247'),
(14, '114', 'KARTIKEY CHAUHAN', '1124', 'kartikeychauhan_sushil@srmuniv.edu.in', '9176052668', '087, Valligalur, Guwahati - 76'),
(15, '115', 'P S PRATEEK MOHANTY', '1125', 'prateek_prasantakumar@srmuniv.edu.in', '9790451759', '17, Madhu Heights, RamPur Kanpur - 567332\n'),
(16, '116', 'SUBHAM PATJOSHI', '1126', 'subhampatjoshi_pradeep@srmuniv.edu.in', '7008629260', '52, Wahid Society, AnandGarh Nashik - 348148\n'),
(17, '117', 'GUNDA SAI HARISH', '1127', 'saiharish_rameshkumar@srmuniv.edu.in', '9790451844', '58, Borivali, Gandhinagar - 573600\n'),
(18, '118', 'RAVI THEJA', '1128', 'akepati460@gmail.com', '9791575134', '92, Kabeer Apartments, Aditya Nagar Indore - 593876'),
(19, '119', 'METTU BHARAT KUMAR', '1129', 'mettubharatkumar_mapparao@srmuniv.edu.in', '9566039781', '17, Madhu Heights, RamPur Kanpur - 567332\n'),
(20, '120', 'ALANKRITA KAR', '1130', 'alankrita.kar24@gmail.com', '9790451981', '22, KarimGunj, Guwahati - 312551\n'),
(21, '121', 'MARELLA SRI SAI PRAK', '1131', 'marellasrisai_narasimharao@srmuniv.edu.in', '8124521525', '88, Raju Villas, Cyber City Gandhinagar - 409940\n'),
(22, '122', 'AASHUTOSH CHANDRA', '1132', 'chandraaashutosh_ajeet@srmuniv.edu.in', '9978088786', '18, Chandpole, New Delhi - 198431\n'),
(23, '123', 'NEERAJ KUMAR', '1133', 'Neerajkr.srm@gmail.com', '9791572593', '43, Churchgate, Jammu - 114012\n'),
(24, '124', 'SWAGATHA SWAMINATHAN', '1134', 'swagatha_swaminathan@srmuniv.edu.in', '7871059748', '76, Bhaagyasree Heights, KusumPur Thiruvananthapuram - 347017\n'),
(25, '125', 'SHREYA', '1135', 'shreya_dinesh@srmuniv.edu.in', '7708132017', '19, Krishna Society, TeenaPur Darjeeling - 352083\n'),
(26, '126', 'SUYASH SHUKLA', '1136', 'suyash_shukla@yahoo.com', '7200190875', '61, RitikaPur, Nashik - 411798\n'),
(27, '127', 'DEEPANSHU GARG', '1137', 'deepanshugarg_jagdishgarg@srmuniv.edu.in', '9790452048', '86, Rakhi Heights, Cyber City Ahmedabad - 513752\n'),
(28, '128', 'M S AJITH KUMAR', '1138', 'msajith.sudhakar@gmail.com', '8675955659', '88, Andheri, Dehra Dun - 118847\n'),
(29, '129', 'ANSHUM SETHI', '1139', 'anshumsethi_anilkumarsethi@srmuniv.edu.in', '9840356397', '84, Gunjan Villas, Yeshwanthpura Ratlam - 144538\n'),
(30, '130', 'SHIVANI PRIYA', '1140', 'shivanipriya_ramanjeejha@srmuniv.edu.in', '9790452583', '92, Goregaon, Hyderabad - 299893\n'),
(31, '131', 'ALEKYA KUNADHARAJU', '1141', 'alekyaraju18@gmail.com', '9490938148', '39, John Apartments, NazirGarh Noida - 144086\n'),
(32, '132', 'MEET TRIVEDI', '1142', 'meettrivedi_yagneshtrivedi@srmuniv.edu.in', '9790452287', '93, Vikhroli, Nashik - 587803\n'),
(33, '133', 'NAINA SHAMDASINI', '1143', 'naina6093@gmail.com', '9790452218', '51, Charlie Villas, Taahid Nagar Jammu - 588739\n'),
(34, '134', 'MANIDEEP REDDY MINAL', '1144', 'manideepreddy2007@gmail.com', '7845785956', '54, Aruna Apartments, Rachel Nagar Surat - 396695\n'),
(35, '135', 'PEDDI MAHESH KUMAR', '1145', 'peddimaheshkumar_srinivasulu@srmuniv.edu.in', '9791272182', '33, Javed Society, Teena Nagar Meerut - 220969\n'),
(36, '136', 'V.S.P.P.K PRITHVI', '1146', 'prithvivobbilineni@gmail.com', '9790451554', '87, SohailPur, Jaipur - 598397\n'),
(37, '137', 'KATARI PAVAN TEJA', '1147', 'pavanyadav11497@gmail.com', '9952045939', '37, Mridula Heights, Harmada Simla - 483471\n'),
(38, '138', 'MANIKSHARAN J', '1148', 'jmaniksharan_jjagan@srmuniv.edu.in', '9600749297', '59, Smriti Chowk, Thiruvananthapuram - 412234\n'),
(39, '139', 'BATTENA KALIDASU', '1149', 'kalidas9849@gmail.com', '9840143357', '31, Cyber City, Chennai - 175981\n'),
(40, '140', 'SRINATH VUPPULA', '1150', 'srinathvuppula@gmail.cpm', '7013888158', '84, Cyber City, Pune - 348089\n'),
(41, '141', 'ADITHYA MANI', '1151', 'adithyatechpro@gmail.com', '8939798932', '28, Preshita Chowk, Warangal - 138077\n'),
(42, '142', 'DARSHAN LATHIA', '1152', 'darshanlathia_apurvalathia@srmuniv.edu.in', '8017028017', '30, NancyGarh, New Delhi - 304887\n'),
(43, '143', 'SURIYA', '1153', 'suriya_srikanth@srmuniv.edu.in', '9597788456', '57, Rita Chowk, Patna - 207601\n'),
(44, '144', 'MRINAL RAI', '1154', 'mrynalrai@gmail.com', '9791273593', '16, YasminGunj, Thiruvananthapuram - 465872\n'),
(45, '145', 'AYUSH KANTH', '1155', 'ayushkanth_sanjaykanth@srmuniv.edu.in', '9790451896', '47, Ajeet Society, Komal Nagar Alwar - 208110\n'),
(46, '146', 'PRAKHAR RAJ AGRAWAL', '1156', 'prakharrajagrawal@gmail.com', '9677996343', '20, HeerGunj, Bhubhaneshwar - 468085\n'),
(47, '147', 'CHITIKELA NAGA RAMAK', '1157', 'chitikelanagarama_satyanarayana@srmuniv.edu.in', '9790452527', '19, Chandpole, Kolkata - 527766\n'),
(48, '148', 'PIRITHIVIRAJ', '1158', 'prithivi.t96@gmail.com', '9488970581', '47, Vikhroli, Kota - 511163\n'),
(49, '149', 'V B VISHNUBHAGAVATH ', '1159', 'Vijayanvishnu648@gmail.com ', '9787510890', '71, Baalkrishan Villas, AneesGunj Guwahati - 534540\n'),
(50, '150', 'AMRITA MAULIK', '1160', 'amrita_ramendu@srmuniv.edu.in', '7092058765', '88, Andheri, Dehra Dun - 118847\n'),
(51, '151', 'KALYAN BANDE', '1161', 'kalyanbande@gmail.com', '9790452668', '51, Charlie Villas, Taahid Nagar Jammu - 588739\n'),
(52, '152', 'P.BHARGAVAKRISHNA', '1162', 'bhargavakrishnapasupuleti@gmail.com', '8939206327', '61, RitikaPur, Nashik - 411798\n'),
(53, '153', 'ANAMIKA MAJUMDAR', '1163', 'anamika_arun@srmuniv.edu.in', '9790963787', '84, Cyber City, Pune - 348089\n'),
(54, '154', 'VENKATARAMA ADITYA N', '1164', 'adityaabhay96@gmail.com', '9176056904', '92, Goregaon, Hyderabad - 299893\n'),
(55, '155', 'NASINA SAI HARISH', '1165', 'nasinasaiharish_sreenivasulu@srmuniv.edu.in', '9789596924', '50, Vivek Chowk, Darj- 229855'),
(56, '156', 'TANU SINGH', '1166', 'tanu2011singh@gmail.com', '9790451936', '58, Borivali, Gandhinagar - 573600\n'),
(57, '157', 'RIYA OJHA', '1167', 'riyaojha358@gmail.com', '7004178173', '087, Valligalur, Guwahati - 76'),
(58, '158', 'ATUL MISHRA', '1168', 'mishra.atul775@gmail.com', '8939445650', '52, Wahid Society, AnandGarh Nashik - 348148\n'),
(59, '159', 'PANKAJ KUMAR', '1169', 'pankajkumar_ram@srmuniv.edu.in', '8148282375', '33, Javed Society, Teena Nagar Meerut - 220969\n'),
(60, '160', 'SREYASHI CHOWDHURY', '1170', 'sreyashichowdhury_achyutk@srmuniv.edu.in', '9790453258', '58, Borivali, Gandhinagar - 573600\n'),
(61, '161', 'VISHNU VARDHAN', '1171', 'bonevishnuvardhannaidu_prasad@srrmuniv.edu.in', '9885462413', '69, Teena Nagar, Trichy - 103602'),
(62, '162', 'HIMANSHU BADLANI', '1172', 'himanshubadlani_mohan@srmuniv.edu.in', '7007963300', '47, Ajeet Society, Komal Nagar Alwar - 208110\n'),
(63, '163', 'LALITHA.P', '1173', 'lalitha_ponnurasan@srmuniv.edu.in', '9600148407', '51, Charlie Villas, Taahid Nagar Jammu - 588739\n'),
(64, '164', 'DEVIKA M', '1174', 'devika_mohan@srmuniv.edu.in', '+91 805642', '19, Chandpole, Kolkata - 527766\n'),
(65, '165', 'SAHANA C.B.', '1175', 'sahana_balaji@srmuniv.edu.in', '8344394088', '50, Vivek Chowk, Darj- 229855'),
(66, '166', 'VANDITA GAINEDI', '1176', 'vandita_jagadish@srmuniv.edu.in', '9176110648', '84, Gunjan Villas, Yeshwanthpura Ratlam - 144538\n'),
(67, '167', 'BHAGAWAN KISHORE KUM', '1177', 'abkkumar29@gmail.com', '9003075138', '52, Wahid Society, AnandGarh Nashik - 348148\n'),
(68, '168', 'PRASHANT GODARA', '1178', 'godaraprashant@yahoo.com', '9789597707', '92, Goregaon, Hyderabad - 299893\n'),
(69, '169', 'DEEPANSHU KUMAR', '1179', 'deepanshukumar_surendra@srmuniv.edu.in', '8939158955', '087, Valligalur, Guwahati - 76'),
(70, '170', 'POOJA RANI T.S', '1180', 'poojarani_seshadri@srmuniv.edu.in', '9790451676', '86, Model Town, Panaji - 59108'),
(71, '171', 'ROSHAN JOHN', '1181', 'roshanjohn_shaji@srmuniv.edu.in', '9176060820', '22, KarimGunj, Guwahati - 312551\n'),
(72, '172', 'GAUTAM VIGNESH', '1182', 'dgautamvignesh_raju@srmuniv.edu.in', '9962077488', '58, Borivali, Gandhinagar - 573600\n'),
(73, '173', 'VIKRAM JAIN', '1183', 'vikramjain_saurabh@srmuniv.edu.in', '9566134964', '33, Tushar Heights, Dadar Guwahati - 468850\n'),
(74, '174', 'S PREETHI', '1184', 'preethi_siva@srmuniv.edu.in', '9003983922', '69, Teena Nagar, Trichy - 103602'),
(75, '175', 'SAURABH RAO', '1185', 'saurabh.rao321@gmail.com', '9445928249', '19, Chandpole, Kolkata - 527766\n'),
(76, '176', 'RANJITHKUMAR.K', '1186', 'Kranjith004@yahoo.com', '8220275245', '76, Bhaagyasree Heights, KusumPur Thiruvananthapuram - 347017\n'),
(77, '177', 'SNEHA BALAJI', '1187', 'sneha.balaji1996@gmail.com', '9884990485', '31, Cyber City, Chennai - 175981\n'),
(78, '178', 'SAKSHI MALHOTRA', '1188', 'sakshi.malhotra2496@gmail.com', '7299594890', '50, Vivek Chowk, Darj- 229855'),
(79, '179', 'SANTHOSH BARADWAJ V.', '1189', 'santhosh_ranganathan@srmuniv.edu.in', '9566041065', '43, Churchgate, Jammu - 114012\n'),
(80, '180', 'RISHI PRATAP SINGH S', '1190', 'rishipratapsingh1995@gmail.com', '9790453405', '16, YasminGunj, Thiruvananthapuram - 465872\n'),
(81, '181', 'ABHISHEK SINHA', '1191', 'abhishek11396', '9952039232', '50, Vivek Chowk, Darj- 229855'),
(82, '182', 'SUSHOVAN BHATTACHARY', '1192', 'sushovan_aurobinda@srmuniv.edu.in', '9789597624', '16, YasminGunj, Thiruvananthapuram - 465872\n'),
(83, '183', 'T VISHAL', '1193', 'vishal_thayalan@srmuniv.edu.in', '9841363382', '86, Model Town, Panaji - 59108'),
(84, '184', 'ADELA ADHYA BHUPESH', '1194', 'adhyabhupesh@gmail.com', '9176493726', '88, Raju Villas, Cyber City Gandhinagar - 409940\n'),
(85, '185', 'SHRUTI SHREYA', '1195', 'shrutishreya789@gmail.com', '7708118761', '087, Valligalur, Guwahati - 76'),
(86, '186', 'VARUN NAIR', '1196', 'varunnair_rajesh@srmuniv.edu.in', '8939099619', '71, Baalkrishan Villas, AneesGunj Guwahati - 534540\n'),
(87, '187', 'ATHIL MOOSA', '1197', 'athilmoosa_thiruthukkil@srmuniv.edu.in', '9514467135', '58, Borivali, Gandhinagar - 573600\n'),
(88, '188', 'LAKSHMI.H.THAMPI', '1198', '	lakshmihthampi_hari@srmuniv.edu.in', '9790452056', '67, Darjeeling  Rajkot - 10'),
(89, '189', 'SHOAIB AHMAD', '1199', 'shoaibahmad_shakeel@srmuniv.edu.in', '9043146518', '69, Teena Nagar, Trichy - 103602'),
(90, '190', 'VEDIKA KUMARI', '1200', 'vedikakumari_dineshprasad@srmuniv.edu.in', '9472323677', '19, Chandpole, Kolkata - 527766\n'),
(91, '191', 'ANSHUMAAN CHANDRAKAR', '1201', 'anshumaan_chandrakar@srmuniv.edu.in', '7418289156', '76, Bhaagyasree Heights, KusumPur Thiruvananthapuram - 347017\n'),
(92, '192', 'VATSALYA BRAHMABHATT', '1202', 'vatsalyabrahmabhatt_ashish@srmuniv.edu.in', '8124348695', '86, Model Town, Panaji - 59108'),
(93, '193', 'RISHI KABRA', '1203', 'rishirajkabra_rajendra@srmuniv.edu.in', '9790451400', '17, Madhu Heights, RamPur Kanpur - 567332\n'),
(94, '194', 'SOUNDARIYA. V', '1204', 'Soundariya.v15@gmail.com', '9789928460', '43, Churchgate, Jammu - 114012\n'),
(95, '195', 'S.SIRAJUDEEN', '1205', 'sirajudeen_sarabdeen@srmuniv.edu.in', '8754503560', '52, Wahid Society, AnandGarh Nashik - 348148\n'),
(96, '196', 'ANSHUMAN MISHRA', '1206', 'mishraanshuman1705@gmail.com', '9789597621', '17, Madhu Heights, RamPur Kanpur - 567332\n'),
(97, '197', 'RAMASUBRAMANIAN.SA', '1207', 'ramasubramanian_shankara@srmunivedu.in', '8344875685', '50, Vivek Chowk, Darj- 229855'),
(98, '198', 'SHUBHAM SAGAR SONI', '1208', 'shubhamsagarsoni_ram@srmuniv.edu.in', '7871977982', '47, Ajeet Society, Komal Nagar Alwar - 208110\n'),
(99, '199', 'SHAALINI', '1209', 'shaalini_gopalakrishnan@srmuniv.edu.in', '9500991595', '52, Wahid Society, AnandGarh Nashik - 348148\n'),
(100, '200', 'ANNWESHA PANDA', '1210', 'pandaannwesha_srmuniv.ac.in', '9790453579', '69, Teena Nagar, Trichy - 103602'),
(101, '110', 'nathan', '0000000000', 'nathan@gmail.com', '8767898767', 'jay nagar , anna salai ch - 200038'),
(102, '110', 'nathan', '0000000000', 'venkat@gmail.com', '9878765678', 'ajaynagar chennai -88'),
(103, '111', 'krishnan', '0000000000', 'krishna@gmail.com', '8998787776', 'jay nagar , anna salai - 98');

-- --------------------------------------------------------

--
-- Table structure for table `users_controller_userwateranalysis_model`
--

CREATE TABLE IF NOT EXISTS `users_controller_userwateranalysis_model` (
  `id` int(11) NOT NULL AUTO_INCREMENT,
  `useridorbillno` varchar(10) NOT NULL,
  `branch` varchar(20) NOT NULL,
  `now` varchar(20) NOT NULL,
  `nol` varchar(10) NOT NULL,
  `amount` int(11) NOT NULL,
  `wpd` varchar(20) NOT NULL,
  `receipt` varchar(20) NOT NULL,
  `bookdate` date NOT NULL,
  `deliverydate` date NOT NULL,
  `uregid_id` int(11) NOT NULL,
  PRIMARY KEY (`id`)
) ENGINE=InnoDB  DEFAULT CHARSET=latin1 AUTO_INCREMENT=405 ;

--
-- Dumping data for table `users_controller_userwateranalysis_model`
--

INSERT INTO `users_controller_userwateranalysis_model` (`id`, `useridorbillno`, `branch`, `now`, `nol`, `amount`, `wpd`, `receipt`, `bookdate`, `deliverydate`, `uregid_id`) VALUES
(1, '101', 'Iyyapanthangal', '10', '220', 300, 'sankar', 'yes', '2018-01-02', '2018-01-05', 1),
(2, '102', 'Porur', '15', '330', 450, 'kishore', 'no', '2018-01-03', '2018-01-06', 2),
(3, '103', 'Guindy', '17', '374', 510, 'ram', 'yes', '2018-01-04', '2018-01-07', 3),
(4, '104', 'AshokNagar', '25', '425', 750, 'samy', 'no', '2018-01-05', '2018-01-08', 4),
(5, '105', 'Triplicane', '18', '396', 540, 'anand', 'yes', '2018-01-06', '2018-01-09', 5),
(6, '106', 'Iyyapanthangal', '13', '286', 390, 'siva', 'no', '2018-01-07', '2018-01-10', 6),
(7, '107', 'Porur', '12', '264', 360, 'kumar', 'yes', '2018-01-08', '2018-01-11', 7),
(8, '108', 'Guindy', '48', '1056', 1440, 'iliyas', 'no', '2018-01-09', '2018-01-12', 8),
(9, '109', 'AshokNagar', '6', '132', 180, 'velu', 'yes', '2018-01-10', '2018-01-13', 9),
(10, '110', 'Triplicane', '9', '198', 270, 'saravanan', 'no', '2018-01-11', '2018-01-14', 10),
(11, '111', 'Iyyapanthangal', '17', '374', 510, 'mohan', 'yes', '2018-01-12', '2018-01-15', 11),
(12, '112', 'Porur', '22', '484', 660, 'balu', 'no', '2018-01-13', '2018-01-16', 12),
(13, '113', 'Guindy', '21', '462', 630, 'sathis', 'yes', '2018-01-14', '2018-01-17', 13),
(14, '114', 'AshokNagar', '7', '154', 210, 'ajith', 'no', '2018-01-15', '2018-01-18', 14),
(15, '115', 'Triplicane', '6', '132', 180, 'vijay', 'yes', '2018-01-16', '2018-01-19', 15),
(16, '116', 'Iyyapanthangal', '20', '440', 6000, 'suriya', 'no', '2018-01-17', '2018-01-20', 16),
(17, '117', 'Triplicane', '10', '220', 300, 'simbu', 'yes', '2018-01-18', '2018-01-21', 17),
(18, '118', 'Guindy', '15', '330', 450, 'dhanush', 'no', '2018-01-19', '2018-01-22', 18),
(19, '119', 'Iyyapanthangal', '17', '374', 510, 'mahat', 'yes', '2018-01-20', '2018-01-23', 19),
(20, '120', 'Porur', '10', '220', 300, 'soori', 'no', '2018-01-21', '2018-01-24', 20),
(21, '121', 'AshokNagar', '15', '330', 450, 'sankar', 'yes', '2018-01-22', '2018-01-25', 21),
(22, '122', 'AshokNagar', '17', '374', 510, 'kishore', 'no', '2018-01-23', '2018-01-26', 22),
(23, '123', 'Triplicane', '25', '425', 750, 'ram', 'yes', '2018-01-24', '2018-01-27', 23),
(24, '124', 'Iyyapanthangal', '18', '396', 540, 'samy', 'no', '2018-01-25', '2018-01-28', 24),
(25, '125', 'Porur', '13', '286', 390, 'anand', 'yes', '2018-01-26', '2018-01-29', 25),
(26, '126', 'Guindy', '12', '264', 360, 'siva', 'no', '2018-01-27', '2018-01-30', 26),
(27, '127', 'AshokNagar', '48', '1056', 1440, 'kumar', 'yes', '2018-01-28', '2018-01-31', 27),
(28, '128', 'Triplicane', '6', '132', 180, 'iliyas', 'no', '2018-01-29', '2018-02-01', 28),
(29, '129', 'Iyyapanthangal', '9', '198', 270, 'velu', 'yes', '2018-01-30', '2018-02-02', 29),
(30, '130', 'Porur', '17', '374', 510, 'saravanan', 'no', '2018-01-31', '2018-02-03', 30),
(31, '131', 'Guindy', '22', '484', 660, 'mohan', 'yes', '2018-02-01', '2018-02-04', 31),
(32, '132', 'AshokNagar', '21', '462', 630, 'balu', 'no', '2018-02-02', '2018-02-05', 32),
(33, '133', 'Triplicane', '7', '154', 210, 'sathis', 'yes', '2018-02-03', '2018-02-06', 33),
(34, '134', 'Iyyapanthangal', '6', '132', 180, 'ajith', 'no', '2018-02-04', '2018-02-07', 34),
(35, '135', 'Porur', '20', '440', 6000, 'vijay', 'yes', '2018-02-05', '2018-02-08', 35),
(36, '136', 'Guindy', '10', '220', 300, 'suriya', 'no', '2018-02-06', '2018-02-09', 36),
(37, '137', 'AshokNagar', '15', '330', 450, 'simbu', 'yes', '2018-02-07', '2018-02-10', 37),
(38, '138', 'Triplicane', '17', '374', 510, 'dhanush', 'no', '2018-02-08', '2018-02-11', 38),
(39, '139', 'Iyyapanthangal', '10', '220', 300, 'mahat', 'yes', '2018-02-09', '2018-02-12', 39),
(40, '140', 'Porur', '15', '330', 450, 'soori', 'no', '2018-02-10', '2018-02-13', 40),
(41, '141', 'Guindy', '17', '374', 510, 'sankar', 'yes', '2018-02-11', '2018-02-14', 41),
(42, '142', 'AshokNagar', '25', '425', 750, 'kishore', 'no', '2018-02-12', '2018-02-15', 42),
(43, '143', 'Triplicane', '18', '396', 540, 'ram', 'yes', '2018-02-13', '2018-02-16', 43),
(44, '144', 'Iyyapanthangal', '13', '286', 390, 'samy', 'no', '2018-02-14', '2018-02-17', 44),
(45, '145', 'Porur', '12', '264', 360, 'anand', 'yes', '2018-02-15', '2018-02-18', 45),
(46, '146', 'Guindy', '48', '1056', 1440, 'siva', 'no', '2018-02-16', '2018-02-19', 46),
(47, '147', 'AshokNagar', '6', '132', 180, 'kumar', 'yes', '2018-02-17', '2018-02-20', 47),
(48, '148', 'Triplicane', '9', '198', 270, 'iliyas', 'no', '2018-02-18', '2018-02-21', 48),
(49, '149', 'Iyyapanthangal', '17', '374', 510, 'velu', 'yes', '2018-02-19', '2018-02-22', 49),
(50, '150', 'Porur', '22', '484', 660, 'saravanan', 'no', '2018-02-20', '2018-02-23', 50),
(51, '151', 'Guindy', '21', '462', 630, 'mohan', 'yes', '2018-02-21', '2018-02-24', 51),
(52, '152', 'AshokNagar', '7', '154', 210, 'balu', 'no', '2018-02-22', '2018-02-25', 52),
(53, '153', 'Triplicane', '6', '132', 180, 'sathis', 'yes', '2018-02-23', '2018-02-26', 53),
(54, '154', 'Iyyapanthangal', '20', '440', 6000, 'ajith', 'no', '2018-02-24', '2018-02-27', 54),
(55, '155', 'Porur', '10', '220', 300, 'vijay', 'yes', '2018-02-25', '2018-02-28', 55),
(56, '156', 'Guindy', '15', '330', 450, 'suriya', 'no', '2018-02-26', '2018-03-01', 56),
(57, '157', 'AshokNagar', '17', '374', 510, 'simbu', 'yes', '2018-02-27', '2018-03-02', 57),
(58, '158', 'Triplicane', '10', '220', 300, 'dhanush', 'no', '2018-02-28', '2018-03-03', 58),
(59, '159', 'Iyyapanthangal', '15', '330', 450, 'mahat', 'yes', '2018-03-01', '2018-03-04', 59),
(60, '160', 'Porur', '17', '374', 510, 'soori', 'no', '2018-03-02', '2018-03-05', 60),
(61, '161', 'Guindy', '25', '425', 750, 'sankar', 'yes', '2018-03-03', '2018-03-06', 61),
(62, '162', 'AshokNagar', '18', '396', 540, 'kishore', 'no', '2018-03-04', '2018-03-07', 62),
(63, '163', 'Triplicane', '13', '286', 390, 'ram', 'yes', '2018-03-05', '2018-03-08', 63),
(64, '164', 'Iyyapanthangal', '12', '264', 360, 'samy', 'no', '2018-03-06', '2018-03-09', 64),
(65, '165', 'Porur', '48', '1056', 1440, 'anand', 'yes', '2018-03-07', '2018-03-10', 65),
(66, '166', 'Guindy', '6', '132', 180, 'siva', 'no', '2018-03-08', '2018-03-11', 66),
(67, '167', 'AshokNagar', '9', '198', 270, 'kumar', 'yes', '2018-03-09', '2018-03-12', 67),
(68, '168', 'Triplicane', '17', '374', 510, 'iliyas', 'no', '2018-03-10', '2018-03-13', 68),
(69, '169', 'Iyyapanthangal', '22', '484', 660, 'velu', 'yes', '2018-03-11', '2018-03-14', 69),
(70, '170', 'Porur', '21', '462', 630, 'saravanan', 'no', '2018-03-12', '2018-03-15', 70),
(71, '171', 'Guindy', '7', '154', 210, 'mohan', 'yes', '2018-03-13', '2018-03-16', 71),
(72, '172', 'AshokNagar', '6', '132', 180, 'balu', 'no', '2018-03-14', '2018-03-17', 72),
(73, '173', 'Triplicane', '20', '440', 6000, 'sathis', 'yes', '2018-03-15', '2018-03-18', 73),
(74, '174', 'Iyyapanthangal', '10', '220', 300, 'ajith', 'no', '2018-03-16', '2018-03-19', 74),
(75, '175', 'Porur', '15', '330', 450, 'vijay', 'yes', '2018-03-17', '2018-03-20', 75),
(76, '176', 'Guindy', '17', '374', 510, 'suriya', 'no', '2018-03-18', '2018-03-21', 76),
(77, '177', 'AshokNagar', '10', '220', 300, 'simbu', 'yes', '2018-03-19', '2018-03-22', 77),
(78, '178', 'Triplicane', '15', '330', 450, 'dhanush', 'no', '2018-03-20', '2018-03-23', 78),
(79, '179', 'Iyyapanthangal', '17', '374', 510, 'mahat', 'yes', '2018-03-21', '2018-03-24', 79),
(80, '180', 'Porur', '25', '425', 750, 'soori', 'no', '2018-03-22', '2018-03-25', 80),
(81, '181', 'Guindy', '18', '396', 540, 'sankar', 'yes', '2018-03-23', '2018-03-26', 81),
(82, '182', 'AshokNagar', '13', '286', 390, 'kishore', 'no', '2018-03-24', '2018-03-27', 82),
(83, '183', 'Triplicane', '12', '264', 360, 'ram', 'yes', '2018-03-25', '2018-03-28', 83),
(84, '184', 'Iyyapanthangal', '48', '1056', 1440, 'samy', 'no', '2018-03-26', '2018-03-29', 84),
(85, '185', 'Porur', '6', '132', 180, 'anand', 'yes', '2018-03-27', '2018-03-30', 85),
(86, '186', 'Guindy', '9', '198', 270, 'siva', 'no', '2018-03-28', '2018-03-31', 86),
(87, '187', 'AshokNagar', '17', '374', 510, 'kumar', 'yes', '2018-03-29', '2018-04-01', 87),
(88, '188', 'Triplicane', '22', '484', 660, 'iliyas', 'no', '2018-03-30', '2018-04-02', 88),
(89, '189', 'Iyyapanthangal', '21', '462', 630, 'velu', 'yes', '2018-03-31', '2018-04-03', 89),
(90, '190', 'Porur', '7', '154', 210, 'saravanan', 'no', '2018-04-01', '2018-04-04', 90),
(91, '191', 'Guindy', '6', '132', 180, 'mohan', 'yes', '2018-04-02', '2018-04-05', 91),
(92, '192', 'AshokNagar', '20', '440', 6000, 'balu', 'no', '2018-04-03', '2018-04-06', 92),
(93, '193', 'Triplicane', '10', '220', 300, 'sathis', 'yes', '2018-04-04', '2018-04-07', 93),
(94, '194', 'Iyyapanthangal', '15', '330', 450, 'ajith', 'no', '2018-04-05', '2018-04-08', 94),
(95, '195', 'Porur', '17', '374', 510, 'vijay', 'yes', '2018-04-06', '2018-04-09', 95),
(96, '196', 'Guindy', '10', '220', 300, 'suriya', 'no', '2018-04-07', '2018-04-10', 96),
(97, '197', 'AshokNagar', '15', '330', 450, 'simbu', 'yes', '2018-04-08', '2018-04-11', 97),
(98, '198', 'Triplicane', '17', '374', 510, 'dhanush', 'no', '2018-04-09', '2018-04-12', 98),
(99, '199', 'Iyyapanthangal', '25', '425', 750, 'mahat', 'yes', '2018-04-10', '2018-04-13', 99),
(100, '200', 'Porur', '18', '396', 540, 'soori', 'no', '2018-04-11', '2018-04-14', 100),
(101, '101', 'Iyyapanthangal', '10', '220', 300, 'sankar', 'yes', '2018-01-02', '2018-01-05', 1),
(102, '102', 'Porur', '15', '330', 450, 'kishore', 'no', '2018-01-03', '2018-01-06', 2),
(103, '103', 'Guindy', '17', '374', 510, 'ram', 'yes', '2018-01-04', '2018-01-07', 3),
(104, '104', 'AshokNagar', '25', '425', 750, 'samy', 'no', '2018-01-05', '2018-01-08', 4),
(105, '105', 'Triplicane', '18', '396', 540, 'anand', 'yes', '2018-01-06', '2018-01-09', 5),
(106, '106', 'Iyyapanthangal', '13', '286', 390, 'siva', 'no', '2018-01-07', '2018-01-10', 6),
(107, '107', 'Porur', '12', '264', 360, 'kumar', 'yes', '2018-01-08', '2018-01-11', 7),
(108, '108', 'Guindy', '48', '1056', 1440, 'iliyas', 'no', '2018-01-09', '2018-01-12', 8),
(109, '109', 'AshokNagar', '6', '132', 180, 'velu', 'yes', '2018-01-10', '2018-01-13', 9),
(110, '110', 'Triplicane', '9', '198', 270, 'saravanan', 'no', '2018-01-11', '2018-01-14', 10),
(111, '111', 'Iyyapanthangal', '17', '374', 510, 'mohan', 'yes', '2018-01-12', '2018-01-15', 11),
(112, '112', 'Porur', '22', '484', 660, 'balu', 'no', '2018-01-13', '2018-01-16', 12),
(113, '113', 'Guindy', '21', '462', 630, 'sathis', 'yes', '2018-01-14', '2018-01-17', 13),
(114, '114', 'AshokNagar', '7', '154', 210, 'ajith', 'no', '2018-01-15', '2018-01-18', 14),
(115, '115', 'Triplicane', '6', '132', 180, 'vijay', 'yes', '2018-01-16', '2018-01-19', 15),
(116, '116', 'Iyyapanthangal', '20', '440', 6000, 'suriya', 'no', '2018-01-17', '2018-01-20', 16),
(117, '117', 'Triplicane', '10', '220', 300, 'simbu', 'yes', '2018-01-18', '2018-01-21', 17),
(118, '118', 'Guindy', '15', '330', 450, 'dhanush', 'no', '2018-01-19', '2018-01-22', 18),
(119, '119', 'Iyyapanthangal', '17', '374', 510, 'mahat', 'yes', '2018-01-20', '2018-01-23', 19),
(120, '120', 'Porur', '10', '220', 300, 'soori', 'no', '2018-01-21', '2018-01-24', 20),
(121, '121', 'AshokNagar', '15', '330', 450, 'sankar', 'yes', '2018-01-22', '2018-01-25', 21),
(122, '122', 'AshokNagar', '17', '374', 510, 'kishore', 'no', '2018-01-23', '2018-01-26', 22),
(123, '123', 'Triplicane', '25', '425', 750, 'ram', 'yes', '2018-01-24', '2018-01-27', 23),
(124, '124', 'Iyyapanthangal', '18', '396', 540, 'samy', 'no', '2018-01-25', '2018-01-28', 24),
(125, '125', 'Porur', '13', '286', 390, 'anand', 'yes', '2018-01-26', '2018-01-29', 25),
(126, '126', 'Guindy', '12', '264', 360, 'siva', 'no', '2018-01-27', '2018-01-30', 26),
(127, '127', 'AshokNagar', '48', '1056', 1440, 'kumar', 'yes', '2018-01-28', '2018-01-31', 27),
(128, '128', 'Triplicane', '6', '132', 180, 'iliyas', 'no', '2018-01-29', '2018-02-01', 28),
(129, '129', 'Iyyapanthangal', '9', '198', 270, 'velu', 'yes', '2018-01-30', '2018-02-02', 29),
(130, '130', 'Porur', '17', '374', 510, 'saravanan', 'no', '2018-01-31', '2018-02-03', 30),
(131, '131', 'Guindy', '22', '484', 660, 'mohan', 'yes', '2018-02-01', '2018-02-04', 31),
(132, '132', 'AshokNagar', '21', '462', 630, 'balu', 'no', '2018-02-02', '2018-02-05', 32),
(133, '133', 'Triplicane', '7', '154', 210, 'sathis', 'yes', '2018-02-03', '2018-02-06', 33),
(134, '134', 'Iyyapanthangal', '6', '132', 180, 'ajith', 'no', '2018-02-04', '2018-02-07', 34),
(135, '135', 'Porur', '20', '440', 6000, 'vijay', 'yes', '2018-02-05', '2018-02-08', 35),
(136, '136', 'Guindy', '10', '220', 300, 'suriya', 'no', '2018-02-06', '2018-02-09', 36),
(137, '137', 'AshokNagar', '15', '330', 450, 'simbu', 'yes', '2018-02-07', '2018-02-10', 37),
(138, '138', 'Triplicane', '17', '374', 510, 'dhanush', 'no', '2018-02-08', '2018-02-11', 38),
(139, '139', 'Iyyapanthangal', '10', '220', 300, 'mahat', 'yes', '2018-02-09', '2018-02-12', 39),
(140, '140', 'Porur', '15', '330', 450, 'soori', 'no', '2018-02-10', '2018-02-13', 40),
(141, '141', 'Guindy', '17', '374', 510, 'sankar', 'yes', '2018-02-11', '2018-02-14', 41),
(142, '142', 'AshokNagar', '25', '425', 750, 'kishore', 'no', '2018-02-12', '2018-02-15', 42),
(143, '143', 'Triplicane', '18', '396', 540, 'ram', 'yes', '2018-02-13', '2018-02-16', 43),
(144, '144', 'Iyyapanthangal', '13', '286', 390, 'samy', 'no', '2018-02-14', '2018-02-17', 44),
(145, '145', 'Porur', '12', '264', 360, 'anand', 'yes', '2018-02-15', '2018-02-18', 45),
(146, '146', 'Guindy', '48', '1056', 1440, 'siva', 'no', '2018-02-16', '2018-02-19', 46),
(147, '147', 'AshokNagar', '6', '132', 180, 'kumar', 'yes', '2018-02-17', '2018-02-20', 47),
(148, '148', 'Triplicane', '9', '198', 270, 'iliyas', 'no', '2018-02-18', '2018-02-21', 48),
(149, '149', 'Iyyapanthangal', '17', '374', 510, 'velu', 'yes', '2018-02-19', '2018-02-22', 49),
(150, '150', 'Porur', '22', '484', 660, 'saravanan', 'no', '2018-02-20', '2018-02-23', 50),
(151, '151', 'Guindy', '21', '462', 630, 'mohan', 'yes', '2018-02-21', '2018-02-24', 51),
(152, '152', 'AshokNagar', '7', '154', 210, 'balu', 'no', '2018-02-22', '2018-02-25', 52),
(153, '153', 'Triplicane', '6', '132', 180, 'sathis', 'yes', '2018-02-23', '2018-02-26', 53),
(154, '154', 'Iyyapanthangal', '20', '440', 6000, 'ajith', 'no', '2018-02-24', '2018-02-27', 54),
(155, '155', 'Porur', '10', '220', 300, 'vijay', 'yes', '2018-02-25', '2018-02-28', 55),
(156, '156', 'Guindy', '15', '330', 450, 'suriya', 'no', '2018-02-26', '2018-03-01', 56),
(157, '157', 'AshokNagar', '17', '374', 510, 'simbu', 'yes', '2018-02-27', '2018-03-02', 57),
(158, '158', 'Triplicane', '10', '220', 300, 'dhanush', 'no', '2018-02-28', '2018-03-03', 58),
(159, '159', 'Iyyapanthangal', '15', '330', 450, 'mahat', 'yes', '2018-03-01', '2018-03-04', 59),
(160, '160', 'Porur', '17', '374', 510, 'soori', 'no', '2018-03-02', '2018-03-05', 60),
(161, '161', 'Guindy', '25', '425', 750, 'sankar', 'yes', '2018-03-03', '2018-03-06', 61),
(162, '162', 'AshokNagar', '18', '396', 540, 'kishore', 'no', '2018-03-04', '2018-03-07', 62),
(163, '163', 'Triplicane', '13', '286', 390, 'ram', 'yes', '2018-03-05', '2018-03-08', 63),
(164, '164', 'Iyyapanthangal', '12', '264', 360, 'samy', 'no', '2018-03-06', '2018-03-09', 64),
(165, '165', 'Porur', '48', '1056', 1440, 'anand', 'yes', '2018-03-07', '2018-03-10', 65),
(166, '166', 'Guindy', '6', '132', 180, 'siva', 'no', '2018-03-08', '2018-03-11', 66),
(167, '167', 'AshokNagar', '9', '198', 270, 'kumar', 'yes', '2018-03-09', '2018-03-12', 67),
(168, '168', 'Triplicane', '17', '374', 510, 'iliyas', 'no', '2018-03-10', '2018-03-13', 68),
(169, '169', 'Iyyapanthangal', '22', '484', 660, 'velu', 'yes', '2018-03-11', '2018-03-14', 69),
(170, '170', 'Porur', '21', '462', 630, 'saravanan', 'no', '2018-03-12', '2018-03-15', 70),
(171, '171', 'Guindy', '7', '154', 210, 'mohan', 'yes', '2018-03-13', '2018-03-16', 71),
(172, '172', 'AshokNagar', '6', '132', 180, 'balu', 'no', '2018-03-14', '2018-03-17', 72),
(173, '173', 'Triplicane', '20', '440', 6000, 'sathis', 'yes', '2018-03-15', '2018-03-18', 73),
(174, '174', 'Iyyapanthangal', '10', '220', 300, 'ajith', 'no', '2018-03-16', '2018-03-19', 74),
(175, '175', 'Porur', '15', '330', 450, 'vijay', 'yes', '2018-03-17', '2018-03-20', 75),
(176, '176', 'Guindy', '17', '374', 510, 'suriya', 'no', '2018-03-18', '2018-03-21', 76),
(177, '177', 'AshokNagar', '10', '220', 300, 'simbu', 'yes', '2018-03-19', '2018-03-22', 77),
(178, '178', 'Triplicane', '15', '330', 450, 'dhanush', 'no', '2018-03-20', '2018-03-23', 78),
(179, '179', 'Iyyapanthangal', '17', '374', 510, 'mahat', 'yes', '2018-03-21', '2018-03-24', 79),
(180, '180', 'Porur', '25', '425', 750, 'soori', 'no', '2018-03-22', '2018-03-25', 80),
(181, '181', 'Guindy', '18', '396', 540, 'sankar', 'yes', '2018-03-23', '2018-03-26', 81),
(182, '182', 'AshokNagar', '13', '286', 390, 'kishore', 'no', '2018-03-24', '2018-03-27', 82),
(183, '183', 'Triplicane', '12', '264', 360, 'ram', 'yes', '2018-03-25', '2018-03-28', 83),
(184, '184', 'Iyyapanthangal', '48', '1056', 1440, 'samy', 'no', '2018-03-26', '2018-03-29', 84),
(185, '185', 'Porur', '6', '132', 180, 'anand', 'yes', '2018-03-27', '2018-03-30', 85),
(186, '186', 'Guindy', '9', '198', 270, 'siva', 'no', '2018-03-28', '2018-03-31', 86),
(187, '187', 'AshokNagar', '17', '374', 510, 'kumar', 'yes', '2018-03-29', '2018-04-01', 87),
(188, '188', 'Triplicane', '22', '484', 660, 'iliyas', 'no', '2018-03-30', '2018-04-02', 88),
(189, '189', 'Iyyapanthangal', '21', '462', 630, 'velu', 'yes', '2018-03-31', '2018-04-03', 89),
(190, '190', 'Porur', '7', '154', 210, 'saravanan', 'no', '2018-04-01', '2018-04-04', 90),
(191, '191', 'Guindy', '6', '132', 180, 'mohan', 'yes', '2018-04-02', '2018-04-05', 91),
(192, '192', 'AshokNagar', '20', '440', 6000, 'balu', 'no', '2018-04-03', '2018-04-06', 92),
(193, '193', 'Triplicane', '10', '220', 300, 'sathis', 'yes', '2018-04-04', '2018-04-07', 93),
(194, '194', 'Iyyapanthangal', '15', '330', 450, 'ajith', 'no', '2018-04-05', '2018-04-08', 94),
(195, '195', 'Porur', '17', '374', 510, 'vijay', 'yes', '2018-04-06', '2018-04-09', 95),
(196, '196', 'Guindy', '10', '220', 300, 'suriya', 'no', '2018-04-07', '2018-04-10', 96),
(197, '197', 'AshokNagar', '15', '330', 450, 'simbu', 'yes', '2018-04-08', '2018-04-11', 97),
(198, '198', 'Triplicane', '17', '374', 510, 'dhanush', 'no', '2018-04-09', '2018-04-12', 98),
(199, '199', 'Iyyapanthangal', '25', '425', 750, 'mahat', 'yes', '2018-04-10', '2018-04-13', 99),
(200, '200', 'Porur', '18', '396', 540, 'soori', 'no', '2018-04-11', '2018-04-14', 100),
(201, '101', 'Iyyapanthangal', '10', '220', 300, 'sankar', 'yes', '2018-01-02', '0000-00-00', 1),
(202, '102', 'Porur', '15', '330', 450, 'kishore', 'no', '2018-01-03', '0000-00-00', 2),
(203, '103', 'Guindy', '17', '374', 510, 'ram', 'yes', '2018-01-04', '2018-01-07', 3),
(204, '104', 'AshokNagar', '25', '425', 750, 'samy', 'no', '2018-01-05', '0000-00-00', 4),
(205, '105', 'Triplicane', '18', '396', 540, 'anand', 'yes', '2018-01-06', '0000-00-00', 5),
(206, '106', 'Iyyapanthangal', '13', '286', 390, 'siva', 'no', '2018-01-07', '0000-00-00', 6),
(207, '107', 'Porur', '12', '264', 360, 'kumar', 'yes', '2018-01-08', '0000-00-00', 7),
(208, '108', 'Guindy', '48', '1056', 1440, 'iliyas', 'no', '2018-01-09', '0000-00-00', 8),
(209, '109', 'AshokNagar', '6', '132', 180, 'velu', 'yes', '2018-01-10', '0000-00-00', 9),
(210, '110', 'Triplicane', '9', '198', 270, 'saravanan', 'no', '2018-01-11', '0000-00-00', 10),
(211, '111', 'Iyyapanthangal', '17', '374', 510, 'mohan', 'yes', '2018-01-12', '0000-00-00', 11),
(212, '112', 'Porur', '22', '484', 660, 'balu', 'no', '2018-01-13', '0000-00-00', 12),
(213, '113', 'Guindy', '21', '462', 630, 'sathis', 'yes', '2018-01-14', '0000-00-00', 13),
(214, '114', 'AshokNagar', '7', '154', 210, 'ajith', 'no', '2018-01-15', '0000-00-00', 14),
(215, '115', 'Triplicane', '6', '132', 180, 'vijay', 'yes', '2018-01-16', '0000-00-00', 15),
(216, '116', 'Iyyapanthangal', '20', '440', 6000, 'suriya', 'no', '2018-01-17', '0000-00-00', 16),
(217, '117', 'Triplicane', '10', '220', 300, 'simbu', 'yes', '2018-01-18', '0000-00-00', 17),
(218, '118', 'Guindy', '15', '330', 450, 'dhanush', 'no', '2018-01-19', '0000-00-00', 18),
(219, '119', 'Iyyapanthangal', '17', '374', 510, 'mahat', 'yes', '2018-01-20', '0000-00-00', 19),
(220, '120', 'Porur', '10', '220', 300, 'soori', 'no', '2018-01-21', '0000-00-00', 20),
(221, '121', 'AshokNagar', '15', '330', 450, 'sankar', 'yes', '2018-01-22', '0000-00-00', 21),
(222, '122', 'AshokNagar', '17', '374', 510, 'kishore', 'no', '2018-01-23', '0000-00-00', 22),
(223, '123', 'Triplicane', '25', '425', 750, 'ram', 'yes', '2018-01-24', '0000-00-00', 23),
(224, '124', 'Iyyapanthangal', '18', '396', 540, 'samy', 'no', '2018-01-25', '0000-00-00', 24),
(225, '125', 'Porur', '13', '286', 390, 'anand', 'yes', '2018-01-26', '0000-00-00', 25),
(226, '126', 'Guindy', '12', '264', 360, 'siva', 'no', '2018-01-27', '0000-00-00', 26),
(227, '127', 'AshokNagar', '48', '1056', 1440, 'kumar', 'yes', '2018-01-28', '0000-00-00', 27),
(228, '128', 'Triplicane', '6', '132', 180, 'iliyas', 'no', '2018-01-29', '0000-00-00', 28),
(229, '129', 'Iyyapanthangal', '9', '198', 270, 'velu', 'yes', '2018-01-30', '0000-00-00', 29),
(230, '130', 'Porur', '17', '374', 510, 'saravanan', 'no', '2018-01-31', '0000-00-00', 30),
(231, '131', 'Guindy', '22', '484', 660, 'mohan', 'yes', '2018-02-01', '0000-00-00', 31),
(232, '132', 'AshokNagar', '21', '462', 630, 'balu', 'no', '2018-02-02', '0000-00-00', 32),
(233, '133', 'Triplicane', '7', '154', 210, 'sathis', 'yes', '2018-02-03', '0000-00-00', 33),
(234, '134', 'Iyyapanthangal', '6', '132', 180, 'ajith', 'no', '2018-02-04', '0000-00-00', 34),
(235, '135', 'Porur', '20', '440', 6000, 'vijay', 'yes', '2018-02-05', '0000-00-00', 35),
(236, '136', 'Guindy', '10', '220', 300, 'suriya', 'no', '2018-02-06', '0000-00-00', 36),
(237, '137', 'AshokNagar', '15', '330', 450, 'simbu', 'yes', '2018-02-07', '0000-00-00', 37),
(238, '138', 'Triplicane', '17', '374', 510, 'dhanush', 'no', '2018-02-08', '0000-00-00', 38),
(239, '139', 'Iyyapanthangal', '10', '220', 300, 'mahat', 'yes', '2018-02-09', '0000-00-00', 39),
(240, '140', 'Porur', '15', '330', 450, 'soori', 'no', '2018-02-10', '0000-00-00', 40),
(241, '141', 'Guindy', '17', '374', 510, 'sankar', 'yes', '2018-02-11', '0000-00-00', 41),
(242, '142', 'AshokNagar', '25', '425', 750, 'kishore', 'no', '2018-02-12', '0000-00-00', 42),
(243, '143', 'Triplicane', '18', '396', 540, 'ram', 'yes', '2018-02-13', '0000-00-00', 43),
(244, '144', 'Iyyapanthangal', '13', '286', 390, 'samy', 'no', '2018-02-14', '0000-00-00', 44),
(245, '145', 'Porur', '12', '264', 360, 'anand', 'yes', '2018-02-15', '0000-00-00', 45),
(246, '146', 'Guindy', '48', '1056', 1440, 'siva', 'no', '2018-02-16', '0000-00-00', 46),
(247, '147', 'AshokNagar', '6', '132', 180, 'kumar', 'yes', '2018-02-17', '0000-00-00', 47),
(248, '148', 'Triplicane', '9', '198', 270, 'iliyas', 'no', '2018-02-18', '0000-00-00', 48),
(249, '149', 'Iyyapanthangal', '17', '374', 510, 'velu', 'yes', '2018-02-19', '0000-00-00', 49),
(250, '150', 'Porur', '22', '484', 660, 'saravanan', 'no', '2018-02-20', '0000-00-00', 50),
(251, '151', 'Guindy', '21', '462', 630, 'mohan', 'yes', '2018-02-21', '0000-00-00', 51),
(252, '152', 'AshokNagar', '7', '154', 210, 'balu', 'no', '2018-02-22', '0000-00-00', 52),
(253, '153', 'Triplicane', '6', '132', 180, 'sathis', 'yes', '2018-02-23', '0000-00-00', 53),
(254, '154', 'Iyyapanthangal', '20', '440', 6000, 'ajith', 'no', '2018-02-24', '0000-00-00', 54),
(255, '155', 'Porur', '10', '220', 300, 'vijay', 'yes', '2018-02-25', '0000-00-00', 55),
(256, '156', 'Guindy', '15', '330', 450, 'suriya', 'no', '2018-02-26', '0000-00-00', 56),
(257, '157', 'AshokNagar', '17', '374', 510, 'simbu', 'yes', '2018-02-27', '0000-00-00', 57),
(258, '158', 'Triplicane', '10', '220', 300, 'dhanush', 'no', '2018-02-28', '0000-00-00', 58),
(259, '159', 'Iyyapanthangal', '15', '330', 450, 'mahat', 'yes', '2018-03-01', '0000-00-00', 59),
(260, '160', 'Porur', '17', '374', 510, 'soori', 'no', '2018-03-02', '0000-00-00', 60),
(261, '161', 'Guindy', '25', '425', 750, 'sankar', 'yes', '2018-03-03', '0000-00-00', 61),
(262, '162', 'AshokNagar', '18', '396', 540, 'kishore', 'no', '2018-03-04', '0000-00-00', 62),
(263, '163', 'Triplicane', '13', '286', 390, 'ram', 'yes', '2018-03-05', '0000-00-00', 63),
(264, '164', 'Iyyapanthangal', '12', '264', 360, 'samy', 'no', '2018-03-06', '0000-00-00', 64),
(265, '165', 'Porur', '48', '1056', 1440, 'anand', 'yes', '2018-03-07', '0000-00-00', 65),
(266, '166', 'Guindy', '6', '132', 180, 'siva', 'no', '2018-03-08', '0000-00-00', 66),
(267, '167', 'AshokNagar', '9', '198', 270, 'kumar', 'yes', '2018-03-09', '0000-00-00', 67),
(268, '168', 'Triplicane', '17', '374', 510, 'iliyas', 'no', '2018-03-10', '0000-00-00', 68),
(269, '169', 'Iyyapanthangal', '22', '484', 660, 'velu', 'yes', '2018-03-11', '0000-00-00', 69),
(270, '170', 'Porur', '21', '462', 630, 'saravanan', 'no', '2018-03-12', '0000-00-00', 70),
(271, '171', 'Guindy', '7', '154', 210, 'mohan', 'yes', '2018-03-13', '0000-00-00', 71),
(272, '172', 'AshokNagar', '6', '132', 180, 'balu', 'no', '2018-03-14', '0000-00-00', 72),
(273, '173', 'Triplicane', '20', '440', 6000, 'sathis', 'yes', '2018-03-15', '0000-00-00', 73),
(274, '174', 'Iyyapanthangal', '10', '220', 300, 'ajith', 'no', '2018-03-16', '0000-00-00', 74),
(275, '175', 'Porur', '15', '330', 450, 'vijay', 'yes', '2018-03-17', '0000-00-00', 75),
(276, '176', 'Guindy', '17', '374', 510, 'suriya', 'no', '2018-03-18', '0000-00-00', 76),
(277, '177', 'AshokNagar', '10', '220', 300, 'simbu', 'yes', '2018-03-19', '0000-00-00', 77),
(278, '178', 'Triplicane', '15', '330', 450, 'dhanush', 'no', '2018-03-20', '0000-00-00', 78),
(279, '179', 'Iyyapanthangal', '17', '374', 510, 'mahat', 'yes', '2018-03-21', '0000-00-00', 79),
(280, '180', 'Porur', '25', '425', 750, 'soori', 'no', '2018-03-22', '0000-00-00', 80),
(281, '181', 'Guindy', '18', '396', 540, 'sankar', 'yes', '2018-03-23', '0000-00-00', 81),
(282, '182', 'AshokNagar', '13', '286', 390, 'kishore', 'no', '2018-03-24', '0000-00-00', 82),
(283, '183', 'Triplicane', '12', '264', 360, 'ram', 'yes', '2018-03-25', '0000-00-00', 83),
(284, '184', 'Iyyapanthangal', '48', '1056', 1440, 'samy', 'no', '2018-03-26', '0000-00-00', 84),
(285, '185', 'Porur', '6', '132', 180, 'anand', 'yes', '2018-03-27', '0000-00-00', 85),
(286, '186', 'Guindy', '9', '198', 270, 'siva', 'no', '2018-03-28', '0000-00-00', 86),
(287, '187', 'AshokNagar', '17', '374', 510, 'kumar', 'yes', '2018-03-29', '0000-00-00', 87),
(288, '188', 'Triplicane', '22', '484', 660, 'iliyas', 'no', '2018-03-30', '0000-00-00', 88),
(289, '189', 'Iyyapanthangal', '21', '462', 630, 'velu', 'yes', '2018-03-31', '0000-00-00', 89),
(290, '190', 'Porur', '7', '154', 210, 'saravanan', 'no', '2018-04-01', '0000-00-00', 90),
(291, '191', 'Guindy', '6', '132', 180, 'mohan', 'yes', '2018-04-02', '0000-00-00', 91),
(292, '192', 'AshokNagar', '20', '440', 6000, 'balu', 'no', '2018-04-03', '0000-00-00', 92),
(293, '193', 'Triplicane', '10', '220', 300, 'sathis', 'yes', '2018-04-04', '0000-00-00', 93),
(294, '194', 'Iyyapanthangal', '15', '330', 450, 'ajith', 'no', '2018-04-05', '0000-00-00', 94),
(295, '195', 'Porur', '17', '374', 510, 'vijay', 'yes', '2018-04-06', '0000-00-00', 95),
(296, '196', 'Guindy', '10', '220', 300, 'suriya', 'no', '2018-04-07', '0000-00-00', 96),
(297, '197', 'AshokNagar', '15', '330', 450, 'simbu', 'yes', '2018-04-08', '0000-00-00', 97),
(298, '198', 'Triplicane', '17', '374', 510, 'dhanush', 'no', '2018-04-09', '0000-00-00', 98),
(299, '199', 'Iyyapanthangal', '25', '425', 750, 'mahat', 'yes', '2018-04-10', '0000-00-00', 99),
(300, '200', 'Porur', '18', '396', 540, 'soori', 'no', '2018-04-11', '0000-00-00', 100),
(301, '101', 'Iyyapanthangal', '10', '220', 300, 'sankar', 'yes', '2018-01-02', '0000-00-00', 1),
(302, '102', 'Porur', '15', '330', 450, 'kishore', 'no', '2018-01-03', '0000-00-00', 2),
(303, '103', 'Guindy', '17', '374', 510, 'ram', 'yes', '2018-01-04', '2018-01-07', 3),
(304, '104', 'AshokNagar', '25', '425', 750, 'samy', 'no', '2018-01-05', '0000-00-00', 4),
(305, '105', 'Triplicane', '18', '396', 540, 'anand', 'yes', '2018-01-06', '0000-00-00', 5),
(306, '106', 'Iyyapanthangal', '13', '286', 390, 'siva', 'no', '2018-01-07', '0000-00-00', 6),
(307, '107', 'Porur', '12', '264', 360, 'kumar', 'yes', '2018-01-08', '0000-00-00', 7),
(308, '108', 'Guindy', '48', '1056', 1440, 'iliyas', 'no', '2018-01-09', '0000-00-00', 8),
(309, '109', 'AshokNagar', '6', '132', 180, 'velu', 'yes', '2018-01-10', '0000-00-00', 9),
(310, '110', 'Triplicane', '9', '198', 270, 'saravanan', 'no', '2018-01-11', '0000-00-00', 10),
(311, '111', 'Iyyapanthangal', '17', '374', 510, 'mohan', 'yes', '2018-01-12', '0000-00-00', 11),
(312, '112', 'Porur', '22', '484', 660, 'balu', 'no', '2018-01-13', '0000-00-00', 12),
(313, '113', 'Guindy', '21', '462', 630, 'sathis', 'yes', '2018-01-14', '0000-00-00', 13),
(314, '114', 'AshokNagar', '7', '154', 210, 'ajith', 'no', '2018-01-15', '0000-00-00', 14),
(315, '115', 'Triplicane', '6', '132', 180, 'vijay', 'yes', '2018-01-16', '0000-00-00', 15),
(316, '116', 'Iyyapanthangal', '20', '440', 6000, 'suriya', 'no', '2018-01-17', '0000-00-00', 16),
(317, '117', 'Triplicane', '10', '220', 300, 'simbu', 'yes', '2018-01-18', '0000-00-00', 17),
(318, '118', 'Guindy', '15', '330', 450, 'dhanush', 'no', '2018-01-19', '0000-00-00', 18),
(319, '119', 'Iyyapanthangal', '17', '374', 510, 'mahat', 'yes', '2018-01-20', '0000-00-00', 19),
(320, '120', 'Porur', '10', '220', 300, 'soori', 'no', '2018-01-21', '0000-00-00', 20),
(321, '121', 'AshokNagar', '15', '330', 450, 'sankar', 'yes', '2018-01-22', '0000-00-00', 21),
(322, '122', 'AshokNagar', '17', '374', 510, 'kishore', 'no', '2018-01-23', '0000-00-00', 22),
(323, '123', 'Triplicane', '25', '425', 750, 'ram', 'yes', '2018-01-24', '0000-00-00', 23),
(324, '124', 'Iyyapanthangal', '18', '396', 540, 'samy', 'no', '2018-01-25', '0000-00-00', 24),
(325, '125', 'Porur', '13', '286', 390, 'anand', 'yes', '2018-01-26', '0000-00-00', 25),
(326, '126', 'Guindy', '12', '264', 360, 'siva', 'no', '2018-01-27', '0000-00-00', 26),
(327, '127', 'AshokNagar', '48', '1056', 1440, 'kumar', 'yes', '2018-01-28', '0000-00-00', 27),
(328, '128', 'Triplicane', '6', '132', 180, 'iliyas', 'no', '2018-01-29', '0000-00-00', 28),
(329, '129', 'Iyyapanthangal', '9', '198', 270, 'velu', 'yes', '2018-01-30', '0000-00-00', 29),
(330, '130', 'Porur', '17', '374', 510, 'saravanan', 'no', '2018-01-31', '0000-00-00', 30),
(331, '131', 'Guindy', '22', '484', 660, 'mohan', 'yes', '2018-02-01', '0000-00-00', 31),
(332, '132', 'AshokNagar', '21', '462', 630, 'balu', 'no', '2018-02-02', '0000-00-00', 32),
(333, '133', 'Triplicane', '7', '154', 210, 'sathis', 'yes', '2018-02-03', '0000-00-00', 33),
(334, '134', 'Iyyapanthangal', '6', '132', 180, 'ajith', 'no', '2018-02-04', '0000-00-00', 34),
(335, '135', 'Porur', '20', '440', 6000, 'vijay', 'yes', '2018-02-05', '0000-00-00', 35),
(336, '136', 'Guindy', '10', '220', 300, 'suriya', 'no', '2018-02-06', '0000-00-00', 36),
(337, '137', 'AshokNagar', '15', '330', 450, 'simbu', 'yes', '2018-02-07', '0000-00-00', 37),
(338, '138', 'Triplicane', '17', '374', 510, 'dhanush', 'no', '2018-02-08', '0000-00-00', 38),
(339, '139', 'Iyyapanthangal', '10', '220', 300, 'mahat', 'yes', '2018-02-09', '0000-00-00', 39),
(340, '140', 'Porur', '15', '330', 450, 'soori', 'no', '2018-02-10', '0000-00-00', 40),
(341, '141', 'Guindy', '17', '374', 510, 'sankar', 'yes', '2018-02-11', '0000-00-00', 41),
(342, '142', 'AshokNagar', '25', '425', 750, 'kishore', 'no', '2018-02-12', '0000-00-00', 42),
(343, '143', 'Triplicane', '18', '396', 540, 'ram', 'yes', '2018-02-13', '0000-00-00', 43),
(344, '144', 'Iyyapanthangal', '13', '286', 390, 'samy', 'no', '2018-02-14', '0000-00-00', 44),
(345, '145', 'Porur', '12', '264', 360, 'anand', 'yes', '2018-02-15', '0000-00-00', 45),
(346, '146', 'Guindy', '48', '1056', 1440, 'siva', 'no', '2018-02-16', '0000-00-00', 46),
(347, '147', 'AshokNagar', '6', '132', 180, 'kumar', 'yes', '2018-02-17', '0000-00-00', 47),
(348, '148', 'Triplicane', '9', '198', 270, 'iliyas', 'no', '2018-02-18', '0000-00-00', 48),
(349, '149', 'Iyyapanthangal', '17', '374', 510, 'velu', 'yes', '2018-02-19', '0000-00-00', 49),
(350, '150', 'Porur', '22', '484', 660, 'saravanan', 'no', '2018-02-20', '0000-00-00', 50),
(351, '151', 'Guindy', '21', '462', 630, 'mohan', 'yes', '2018-02-21', '0000-00-00', 51),
(352, '152', 'AshokNagar', '7', '154', 210, 'balu', 'no', '2018-02-22', '0000-00-00', 52),
(353, '153', 'Triplicane', '6', '132', 180, 'sathis', 'yes', '2018-02-23', '0000-00-00', 53),
(354, '154', 'Iyyapanthangal', '20', '440', 6000, 'ajith', 'no', '2018-02-24', '0000-00-00', 54),
(355, '155', 'Porur', '10', '220', 300, 'vijay', 'yes', '2018-02-25', '0000-00-00', 55),
(356, '156', 'Guindy', '15', '330', 450, 'suriya', 'no', '2018-02-26', '0000-00-00', 56),
(357, '157', 'AshokNagar', '17', '374', 510, 'simbu', 'yes', '2018-02-27', '0000-00-00', 57),
(358, '158', 'Triplicane', '10', '220', 300, 'dhanush', 'no', '2018-02-28', '0000-00-00', 58),
(359, '159', 'Iyyapanthangal', '15', '330', 450, 'mahat', 'yes', '2018-03-01', '0000-00-00', 59),
(360, '160', 'Porur', '17', '374', 510, 'soori', 'no', '2018-03-02', '0000-00-00', 60),
(361, '161', 'Guindy', '25', '425', 750, 'sankar', 'yes', '2018-03-03', '0000-00-00', 61),
(362, '162', 'AshokNagar', '18', '396', 540, 'kishore', 'no', '2018-03-04', '0000-00-00', 62),
(363, '163', 'Triplicane', '13', '286', 390, 'ram', 'yes', '2018-03-05', '0000-00-00', 63),
(364, '164', 'Iyyapanthangal', '12', '264', 360, 'samy', 'no', '2018-03-06', '0000-00-00', 64),
(365, '165', 'Porur', '48', '1056', 1440, 'anand', 'yes', '2018-03-07', '0000-00-00', 65),
(366, '166', 'Guindy', '6', '132', 180, 'siva', 'no', '2018-03-08', '0000-00-00', 66),
(367, '167', 'AshokNagar', '9', '198', 270, 'kumar', 'yes', '2018-03-09', '0000-00-00', 67),
(368, '168', 'Triplicane', '17', '374', 510, 'iliyas', 'no', '2018-03-10', '0000-00-00', 68),
(369, '169', 'Iyyapanthangal', '22', '484', 660, 'velu', 'yes', '2018-03-11', '0000-00-00', 69),
(370, '170', 'Porur', '21', '462', 630, 'saravanan', 'no', '2018-03-12', '0000-00-00', 70),
(371, '171', 'Guindy', '7', '154', 210, 'mohan', 'yes', '2018-03-13', '0000-00-00', 71),
(372, '172', 'AshokNagar', '6', '132', 180, 'balu', 'no', '2018-03-14', '0000-00-00', 72),
(373, '173', 'Triplicane', '20', '440', 6000, 'sathis', 'yes', '2018-03-15', '0000-00-00', 73),
(374, '174', 'Iyyapanthangal', '10', '220', 300, 'ajith', 'no', '2018-03-16', '0000-00-00', 74),
(375, '175', 'Porur', '15', '330', 450, 'vijay', 'yes', '2018-03-17', '0000-00-00', 75),
(376, '176', 'Guindy', '17', '374', 510, 'suriya', 'no', '2018-03-18', '0000-00-00', 76),
(377, '177', 'AshokNagar', '10', '220', 300, 'simbu', 'yes', '2018-03-19', '0000-00-00', 77),
(378, '178', 'Triplicane', '15', '330', 450, 'dhanush', 'no', '2018-03-20', '0000-00-00', 78),
(379, '179', 'Iyyapanthangal', '17', '374', 510, 'mahat', 'yes', '2018-03-21', '0000-00-00', 79),
(380, '180', 'Porur', '25', '425', 750, 'soori', 'no', '2018-03-22', '0000-00-00', 80),
(381, '181', 'Guindy', '18', '396', 540, 'sankar', 'yes', '2018-03-23', '0000-00-00', 81),
(382, '182', 'AshokNagar', '13', '286', 390, 'kishore', 'no', '2018-03-24', '0000-00-00', 82),
(383, '183', 'Triplicane', '12', '264', 360, 'ram', 'yes', '2018-03-25', '0000-00-00', 83),
(384, '184', 'Iyyapanthangal', '48', '1056', 1440, 'samy', 'no', '2018-03-26', '0000-00-00', 84),
(385, '185', 'Porur', '6', '132', 180, 'anand', 'yes', '2018-03-27', '0000-00-00', 85),
(386, '186', 'Guindy', '9', '198', 270, 'siva', 'no', '2018-03-28', '0000-00-00', 86),
(387, '187', 'AshokNagar', '17', '374', 510, 'kumar', 'yes', '2018-03-29', '0000-00-00', 87),
(388, '188', 'Triplicane', '22', '484', 660, 'iliyas', 'no', '2018-03-30', '0000-00-00', 88),
(389, '189', 'Iyyapanthangal', '21', '462', 630, 'velu', 'yes', '2018-03-31', '0000-00-00', 89),
(390, '190', 'Porur', '7', '154', 210, 'saravanan', 'no', '2018-04-01', '0000-00-00', 90),
(391, '191', 'Guindy', '6', '132', 180, 'mohan', 'yes', '2018-04-02', '0000-00-00', 91),
(392, '192', 'AshokNagar', '20', '440', 6000, 'balu', 'no', '2018-04-03', '0000-00-00', 92),
(393, '193', 'Triplicane', '10', '220', 300, 'sathis', 'yes', '2018-04-04', '0000-00-00', 93),
(394, '194', 'Iyyapanthangal', '15', '330', 450, 'ajith', 'no', '2018-04-05', '0000-00-00', 94),
(395, '195', 'Porur', '17', '374', 510, 'vijay', 'yes', '2018-04-06', '0000-00-00', 95),
(396, '196', 'Guindy', '10', '220', 300, 'suriya', 'no', '2018-04-07', '0000-00-00', 96),
(397, '197', 'AshokNagar', '15', '330', 450, 'simbu', 'yes', '2018-04-08', '0000-00-00', 97),
(398, '198', 'Triplicane', '17', '374', 510, 'dhanush', 'no', '2018-04-09', '0000-00-00', 98),
(399, '199', 'Iyyapanthangal', '25', '425', 750, 'mahat', 'yes', '2018-04-10', '0000-00-00', 99),
(400, '200', 'Porur', '18', '396', 540, 'soori', 'no', '2018-04-11', '0000-00-00', 100),
(401, '110', 'Iyyapanthangal', '5', '110', 150, 'sankar', 'no', '2019-01-31', '2019-02-02', 2),
(402, '102', 'Iyyapanthangal', '5', '110', 150, 'sankar', 'no', '2019-02-07', '2019-02-13', 2),
(403, '102', 'Iyyapanthangal', '5', '110', 150, 'sankar', 'no', '2019-02-07', '2019-02-13', 2),
(404, '102', 'Iyyapanthangal', '5', '110', 150, 'sankar', 'no', '2019-01-31', '2019-02-02', 2);

--
-- Constraints for dumped tables
--

--
-- Constraints for table `auth_group_permissions`
--
ALTER TABLE `auth_group_permissions`
  ADD CONSTRAINT `auth_group_permissions_group_id_b120cbf9_fk_auth_group_id` FOREIGN KEY (`group_id`) REFERENCES `auth_group` (`id`),
  ADD CONSTRAINT `auth_group_permissio_permission_id_84c5c92e_fk_auth_perm` FOREIGN KEY (`permission_id`) REFERENCES `auth_permission` (`id`);

--
-- Constraints for table `auth_permission`
--
ALTER TABLE `auth_permission`
  ADD CONSTRAINT `auth_permission_content_type_id_2f476e4b_fk_django_co` FOREIGN KEY (`content_type_id`) REFERENCES `django_content_type` (`id`);

--
-- Constraints for table `auth_user_groups`
--
ALTER TABLE `auth_user_groups`
  ADD CONSTRAINT `auth_user_groups_group_id_97559544_fk_auth_group_id` FOREIGN KEY (`group_id`) REFERENCES `auth_group` (`id`),
  ADD CONSTRAINT `auth_user_groups_user_id_6a12ed8b_fk_auth_user_id` FOREIGN KEY (`user_id`) REFERENCES `auth_user` (`id`);

--
-- Constraints for table `auth_user_user_permissions`
--
ALTER TABLE `auth_user_user_permissions`
  ADD CONSTRAINT `auth_user_user_permissions_user_id_a95ead1b_fk_auth_user_id` FOREIGN KEY (`user_id`) REFERENCES `auth_user` (`id`),
  ADD CONSTRAINT `auth_user_user_permi_permission_id_1fbb5f2c_fk_auth_perm` FOREIGN KEY (`permission_id`) REFERENCES `auth_permission` (`id`);

--
-- Constraints for table `django_admin_log`
--
ALTER TABLE `django_admin_log`
  ADD CONSTRAINT `django_admin_log_content_type_id_c4bce8eb_fk_django_co` FOREIGN KEY (`content_type_id`) REFERENCES `django_content_type` (`id`),
  ADD CONSTRAINT `django_admin_log_user_id_c564eba6_fk_auth_user_id` FOREIGN KEY (`user_id`) REFERENCES `auth_user` (`id`);

/*!40101 SET CHARACTER_SET_CLIENT=@OLD_CHARACTER_SET_CLIENT */;
/*!40101 SET CHARACTER_SET_RESULTS=@OLD_CHARACTER_SET_RESULTS */;
/*!40101 SET COLLATION_CONNECTION=@OLD_COLLATION_CONNECTION */;
