101,Iyyapanthangal,10,220,300,sankar,yes,2018-01-02,1/5/2018,1
102,Porur,15,330,450,kishore,no,2018-01-03,1/6/2018,2
103,Guindy,17,374,510,ram,yes,2018-01-04, 2018-01-07,3
104,AshokNagar,25,425,750,samy,no,2018-01-05,1/8/2018,4
105,Triplicane,18,396,540,anand,yes,2018-01-06,1/9/2018,5
106,Iyyapanthangal,13,286,390,siva,no,2018-01-07,1/10/2018,6
107,Porur,12,264,360,kumar,yes,2018-01-08,1/11/2018,7
108,Guindy,48,1056,1440,iliyas,no,2018-01-09,1/12/2018,8
109,AshokNagar,6,132,180,velu,yes,2018-01-10,1/13/2018,9
110,Triplicane,9,198,270,saravanan,no,2018-01-11,1/14/2018,10
111,Iyyapanthangal,17,374,510,mohan,yes,2018-01-12,1/15/2018,11
112,Porur,22,484,660,balu,no,2018-01-13,1/16/2018,12
113,Guindy,21,462,630,sathis,yes,2018-01-14,1/17/2018,13
114,AshokNagar,7,154,210,ajith,no,2018-01-15,1/18/2018,14
115,Triplicane,6,132,180,vijay,yes,2018-01-16,1/19/2018,15
116,Iyyapanthangal,20,440,6000,suriya,no,2018-01-17,1/20/2018,16
117,Triplicane,10,220,300,simbu,yes,2018-01-18,1/21/2018,17
118,Guindy,15,330,450,dhanush,no,2018-01-19,1/22/2018,18
119,Iyyapanthangal,17,374,510,mahat,yes,2018-01-20,1/23/2018,19
120,Porur,10,220,300,soori,no,2018-01-21,1/24/2018,20
121,AshokNagar,15,330,450,sankar,yes,2018-01-22,1/25/2018,21
122,AshokNagar,17,374,510,kishore,no,2018-01-23,1/26/2018,22
123,Triplicane,25,425,750,ram,yes,2018-01-24,1/27/2018,23
124,Iyyapanthangal,18,396,540,samy,no,2018-01-25,1/28/2018,24
125,Porur,13,286,390,anand,yes,2018-01-26,1/29/2018,25
126,Guindy,12,264,360,siva,no,2018-01-27,1/30/2018,26
127,AshokNagar,48,1056,1440,kumar,yes,2018-01-28,1/31/2018,27
128,Triplicane,6,132,180,iliyas,no,2018-01-29,2/1/2018,28
129,Iyyapanthangal,9,198,270,velu,yes,2018-01-30,2/2/2018,29
130,Porur,17,374,510,saravanan,no,2018-01-31,2/3/2018,30
131,Guindy,22,484,660,mohan,yes,2018-02-01,2/4/2018,31
132,AshokNagar,21,462,630,balu,no,2018-02-02,2/5/2018,32
133,Triplicane,7,154,210,sathis,yes,2018-02-03,2/6/2018,33
134,Iyyapanthangal,6,132,180,ajith,no,2018-02-04,2/7/2018,34
135,Porur,20,440,6000,vijay,yes,2018-02-05,2/8/2018,35
136,Guindy,10,220,300,suriya,no,2018-02-06,2/9/2018,36
137,AshokNagar,15,330,450,simbu,yes,2018-02-07,2/10/2018,37
138,Triplicane,17,374,510,dhanush,no,2018-02-08,2/11/2018,38
139,Iyyapanthangal,10,220,300,mahat,yes,2018-02-09,2/12/2018,39
140,Porur,15,330,450,soori,no,2018-02-10,2/13/2018,40
141,Guindy,17,374,510,sankar,yes,2018-02-11,2/14/2018,41
142,AshokNagar,25,425,750,kishore,no,2018-02-12,2/15/2018,42
143,Triplicane,18,396,540,ram,yes,2018-02-13,2/16/2018,43
144,Iyyapanthangal,13,286,390,samy,no,2018-02-14,2/17/2018,44
145,Porur,12,264,360,anand,yes,2018-02-15,2/18/2018,45
146,Guindy,48,1056,1440,siva,no,2018-02-16,2/19/2018,46
147,AshokNagar,6,132,180,kumar,yes,2018-02-17,2/20/2018,47
148,Triplicane,9,198,270,iliyas,no,2018-02-18,2/21/2018,48
149,Iyyapanthangal,17,374,510,velu,yes,2018-02-19,2/22/2018,49
150,Porur,22,484,660,saravanan,no,2018-02-20,2/23/2018,50
151,Guindy,21,462,630,mohan,yes,2018-02-21,2/24/2018,51
152,AshokNagar,7,154,210,balu,no,2018-02-22,2/25/2018,52
153,Triplicane,6,132,180,sathis,yes,2018-02-23,2/26/2018,53
154,Iyyapanthangal,20,440,6000,ajith,no,2018-02-24,2/27/2018,54
155,Porur,10,220,300,vijay,yes,2018-02-25,2/28/2018,55
156,Guindy,15,330,450,suriya,no,2018-02-26,3/1/2018,56
157,AshokNagar,17,374,510,simbu,yes,2018-02-27,3/2/2018,57
158,Triplicane,10,220,300,dhanush,no,2018-02-28,3/3/2018,58
159,Iyyapanthangal,15,330,450,mahat,yes,2018-03-01,3/4/2018,59
160,Porur,17,374,510,soori,no,2018-03-02,3/5/2018,60
161,Guindy,25,425,750,sankar,yes,2018-03-03,3/6/2018,61
162,AshokNagar,18,396,540,kishore,no,2018-03-04,3/7/2018,62
163,Triplicane,13,286,390,ram,yes,2018-03-05,3/8/2018,63
164,Iyyapanthangal,12,264,360,samy,no,2018-03-06,3/9/2018,64
165,Porur,48,1056,1440,anand,yes,2018-03-07,3/10/2018,65
166,Guindy,6,132,180,siva,no,2018-03-08,3/11/2018,66
167,AshokNagar,9,198,270,kumar,yes,2018-03-09,3/12/2018,67
168,Triplicane,17,374,510,iliyas,no,2018-03-10,3/13/2018,68
169,Iyyapanthangal,22,484,660,velu,yes,2018-03-11,3/14/2018,69
170,Porur,21,462,630,saravanan,no,2018-03-12,3/15/2018,70
171,Guindy,7,154,210,mohan,yes,2018-03-13,3/16/2018,71
172,AshokNagar,6,132,180,balu,no,2018-03-14,3/17/2018,72
173,Triplicane,20,440,6000,sathis,yes,2018-03-15,3/18/2018,73
174,Iyyapanthangal,10,220,300,ajith,no,2018-03-16,3/19/2018,74
175,Porur,15,330,450,vijay,yes,2018-03-17,3/20/2018,75
176,Guindy,17,374,510,suriya,no,2018-03-18,3/21/2018,76
177,AshokNagar,10,220,300,simbu,yes,2018-03-19,3/22/2018,77
178,Triplicane,15,330,450,dhanush,no,2018-03-20,3/23/2018,78
179,Iyyapanthangal,17,374,510,mahat,yes,2018-03-21,3/24/2018,79
180,Porur,25,425,750,soori,no,2018-03-22,3/25/2018,80
181,Guindy,18,396,540,sankar,yes,2018-03-23,3/26/2018,81
182,AshokNagar,13,286,390,kishore,no,2018-03-24,3/27/2018,82
183,Triplicane,12,264,360,ram,yes,2018-03-25,3/28/2018,83
184,Iyyapanthangal,48,1056,1440,samy,no,2018-03-26,3/29/2018,84
185,Porur,6,132,180,anand,yes,2018-03-27,3/30/2018,85
186,Guindy,9,198,270,siva,no,2018-03-28,3/31/2018,86
187,AshokNagar,17,374,510,kumar,yes,2018-03-29,4/1/2018,87
188,Triplicane,22,484,660,iliyas,no,2018-03-30,4/2/2018,88
189,Iyyapanthangal,21,462,630,velu,yes,2018-03-31,4/3/2018,89
190,Porur,7,154,210,saravanan,no,2018-04-01,4/4/2018,90
191,Guindy,6,132,180,mohan,yes,2018-04-02,4/5/2018,91
192,AshokNagar,20,440,6000,balu,no,2018-04-03,4/6/2018,92
193,Triplicane,10,220,300,sathis,yes,2018-04-04,4/7/2018,93
194,Iyyapanthangal,15,330,450,ajith,no,2018-04-05,4/8/2018,94
195,Porur,17,374,510,vijay,yes,2018-04-06,4/9/2018,95
196,Guindy,10,220,300,suriya,no,2018-04-07,4/10/2018,96
197,AshokNagar,15,330,450,simbu,yes,2018-04-08,4/11/2018,97
198,Triplicane,17,374,510,dhanush,no,2018-04-09,4/12/2018,98
199,Iyyapanthangal,25,425,750,mahat,yes,2018-04-10,4/13/2018,99
200,Porur,18,396,540,soori,no,2018-04-11,4/14/2018,100
